,image,real,prediction,tpye,category
287,0001.jpg,0.416666667,0.420471143,train, animal
162,00010.jpg,0.653846154,0.668265168,train, animal
225,000100.jpg,0.525,0.624809649,train, animal
209,000101.jpg,0.547619048,0.623692977,train, animal
262,000102.jpg,0.472222222,0.397958966,train, animal
260,000103.jpg,0.472222222,0.239825468,train, animal
263,000104.jpg,0.472222222,0.414210195,train, animal
261,000105.jpg,0.472222222,0.264260917,train, animal
247,000106.jpg,0.487179487,0.855404417,train, animal
245,000107.jpg,0.487179487,1.158653899,train, animal
246,000108.jpg,0.487179487,0.837215988,train, animal
237,000109.jpg,0.512195122,0.429545969,train, animal
157,00011.jpg,0.677419355,0.458104654,train, animal
267,000110.jpg,0.459459459,0.356293802,train, animal
257,000111.jpg,0.475,0.754869942,train, animal
258,000112.jpg,0.475,0.302319065,train, animal
259,000113.jpg,0.475,0.459959658,train, animal
241,000114.jpg,0.5,0.580636979,train, animal
273,000115.jpg,0.447368421,0.340820812,train, animal
271,000116.jpg,0.447368421,0.831658321,train, animal
272,000117.jpg,0.447368421,0.422486193,train, animal
274,000118.jpg,0.447368421,0.295201902,train, animal
275,000119.jpg,0.447368421,0.769251331,train, animal
167,00012.jpg,0.62962963,0.381727169,train, animal
265,000120.jpg,0.463414634,0.638933727,train, animal
266,000121.jpg,0.463414634,0.643291887,train, animal
264,000122.jpg,0.463414634,0.373581178,train, animal
238,000123.jpg,0.511111111,0.667784264,train, animal
279,000124.jpg,0.435897436,0.514996265,train, animal
278,000125.jpg,0.435897436,0.586057606,train, animal
280,000126.jpg,0.435897436,0.739748528,train, animal
281,000127.jpg,0.435897436,0.534522651,train, animal
269,000128.jpg,0.452380952,0.489508913,train, animal
270,000129.jpg,0.452380952,0.484329014,train, animal
166,00013.jpg,0.62962963,0.453704846,train, animal
256,000130.jpg,0.477272727,0.480795414,train, animal
284,000131.jpg,0.425,0.793496957,train, animal
285,000132.jpg,0.425,0.717621919,train, animal
283,000133.jpg,0.425,0.628843458,train, animal
277,000134.jpg,0.441860465,0.46451468,train, animal
276,000135.jpg,0.441860465,0.870759403,train, animal
291,000136.jpg,0.414634146,0.742547226,train, animal
289,000137.jpg,0.414634146,0.528754113,train, animal
290,000138.jpg,0.414634146,0.301029706,train, animal
288,000139.jpg,0.414634146,0.497753957,train, animal
165,00014.jpg,0.633333333,0.496624737,train, animal
282,000140.jpg,0.431818182,0.142876271,train, animal
268,000141.jpg,0.456521739,0.261294833,train, animal
297,000142.jpg,0.404761905,0.483183264,train, animal
295,000143.jpg,0.404761905,0.407914269,train, animal
296,000144.jpg,0.404761905,0.299208725,train, animal
298,000145.jpg,0.404761905,0.491881191,train, animal
300,000146.jpg,0.395348837,0.668846426,train, animal
301,000147.jpg,0.395348837,0.296751148,train, animal
294,000148.jpg,0.413043478,0.83150616,train, animal
293,000149.jpg,0.413043478,0.364436979,train, animal
164,00015.jpg,0.633333333,0.701548447,train, animal
292,000150.jpg,0.413043478,0.830704971,train, animal
303,000151.jpg,0.386363636,0.32268069,train, animal
304,000152.jpg,0.386363636,0.613953885,train, animal
302,000153.jpg,0.386363636,0.572939677,train, animal
308,000154.jpg,0.377777778,1.079831175,train, animal
307,000155.jpg,0.377777778,0.35200092,train, animal
309,000156.jpg,0.377777778,0.440545613,train, animal
310,000157.jpg,0.377777778,0.390436064,train, animal
306,000158.jpg,0.377777778,0.067172046,train, animal
286,000159.jpg,0.42,0.556482799,train, animal
160,00016.jpg,0.65625,0.282761145,train, animal
311,000160.jpg,0.369565217,0.503279807,train, animal
305,000161.jpg,0.38,0.758012436,train, animal
312,000162.jpg,0.354166667,0.374129639,train, animal
299,000163.jpg,0.396226415,0.510340999,train, animal
313,000164.jpg,0.346938776,0.652007394,train, animal
314,000165.jpg,0.326923077,0.593852775,train, animal
315,000166.jpg,0.269230769,0.821807647,train, animal
158,00017.jpg,0.676470588,0.712844232,train, animal
170,00018.jpg,0.607142857,0.572531127,train, animal
172,00019.jpg,0.607142857,0.581311296,train, animal
150,0002.jpg,0.708333333,0.530334682,train, animal
175,00020.jpg,0.607142857,0.511701139,train, animal
173,00021.jpg,0.607142857,0.710175723,train, animal
174,00022.jpg,0.607142857,0.787166636,train, animal
171,00023.jpg,0.607142857,0.692284511,train, animal
169,00024.jpg,0.612903226,0.409682033,train, animal
163,00025.jpg,0.636363636,0.461634033,train, animal
159,00026.jpg,0.657142857,0.358131479,train, animal
183,00027.jpg,0.586206897,0.484806605,train, animal
184,00028.jpg,0.586206897,0.626397274,train, animal
182,00029.jpg,0.586206897,0.506232076,train, animal
151,0003.jpg,0.703703704,0.390660346,train, animal
180,00030.jpg,0.59375,0.40125379,train, animal
168,00031.jpg,0.617647059,0.653376232,train, animal
191,00032.jpg,0.566666667,0.327366695,train, animal
192,00033.jpg,0.566666667,0.543232434,train, animal
186,00034.jpg,0.575757576,0.376512486,train, animal
187,00035.jpg,0.575757576,0.329808695,train, animal
188,00036.jpg,0.575757576,0.396389281,train, animal
179,00037.jpg,0.6,0.643385384,train, animal
176,00038.jpg,0.6,0.729193045,train, animal
177,00039.jpg,0.6,0.679060968,train, animal
152,0004.jpg,0.703703704,0.668324565,train, animal
178,00040.jpg,0.6,0.790982771,train, animal
203,00041.jpg,0.558823529,0.617001383,train, animal
195,00042.jpg,0.558823529,0.742677831,train, animal
196,00043.jpg,0.558823529,0.457753713,train, animal
202,00044.jpg,0.558823529,0.503633193,train, animal
201,00045.jpg,0.558823529,0.445929391,train, animal
199,00046.jpg,0.558823529,0.723256565,train, animal
194,00047.jpg,0.558823529,0.641529792,train, animal
200,00048.jpg,0.558823529,0.530147114,train, animal
198,00049.jpg,0.558823529,0.53049914,train, animal
154,0005.jpg,0.68,0.936026393,train, animal
197,00050.jpg,0.558823529,0.793581217,train, animal
185,00051.jpg,0.583333333,0.794768773,train, animal
216,00052.jpg,0.53125,0.51276806,train, animal
211,00053.jpg,0.542857143,0.566570842,train, animal
214,00054.jpg,0.542857143,0.376465851,train, animal
210,00055.jpg,0.542857143,0.87766636,train, animal
213,00056.jpg,0.542857143,0.431594178,train, animal
212,00057.jpg,0.542857143,0.37096488,train, animal
189,00058.jpg,0.567567568,0.653737316,train, animal
190,00059.jpg,0.567567568,0.756070415,train, animal
155,0006.jpg,0.678571429,0.760569659,train, animal
181,00060.jpg,0.58974359,0.470557695,train, animal
228,00061.jpg,0.515151515,0.80966592,train, animal
230,00062.jpg,0.515151515,0.608991891,train, animal
227,00063.jpg,0.515151515,0.6067239,train, animal
231,00064.jpg,0.515151515,0.554893183,train, animal
229,00065.jpg,0.515151515,0.35041683,train, animal
217,00066.jpg,0.527777778,0.560719683,train, animal
223,00067.jpg,0.527777778,0.597258025,train, animal
224,00068.jpg,0.527777778,0.549335408,train, animal
219,00069.jpg,0.527777778,0.554256736,train, animal
156,0007.jpg,0.678571429,0.445431973,train, animal
221,00070.jpg,0.527777778,0.25586742,train, animal
220,00071.jpg,0.527777778,0.43053976,train, animal
218,00072.jpg,0.527777778,0.41154433,train, animal
222,00073.jpg,0.527777778,0.338786848,train, animal
207,00074.jpg,0.552631579,0.534871772,train, animal
204,00075.jpg,0.552631579,0.749003811,train, animal
206,00076.jpg,0.552631579,0.592519782,train, animal
208,00077.jpg,0.552631579,0.254245508,train, animal
205,00078.jpg,0.552631579,0.24074244,train, animal
240,00079.jpg,0.5,0.559016025,train, animal
153,0008.jpg,0.7,0.372989597,train, animal
243,00080.jpg,0.5,0.455082725,train, animal
232,00081.jpg,0.513513514,0.768909953,train, animal
233,00082.jpg,0.513513514,0.509476774,train, animal
234,00083.jpg,0.513513514,0.316126197,train, animal
236,00084.jpg,0.513513514,0.510610688,train, animal
235,00085.jpg,0.513513514,0.39331157,train, animal
215,00086.jpg,0.538461538,0.290404875,train, animal
193,00087.jpg,0.56097561,0.795318232,train, animal
253,00088.jpg,0.485714286,0.704648047,train, animal
249,00089.jpg,0.485714286,0.46174401,train, animal
161,0009.jpg,0.653846154,0.635606876,train, animal
254,00090.jpg,0.485714286,0.683836551,train, animal
248,00091.jpg,0.485714286,0.432056557,train, animal
250,00092.jpg,0.485714286,0.689998506,train, animal
252,00093.jpg,0.485714286,0.327176025,train, animal
255,00094.jpg,0.485714286,0.466737255,train, animal
251,00095.jpg,0.485714286,0.473718458,train, animal
242,00096.jpg,0.5,0.380165841,train, animal
244,00097.jpg,0.5,0.78494657,train, animal
239,00098.jpg,0.5,0.833359031,train, animal
226,00099.jpg,0.525,0.500297277,train, animal
316,000167.jpg,0.76,0.15274854,train, food
317,000168.jpg,0.724137931,0.468746974,train, food
319,000169.jpg,0.68,0.899635761,train, food
320,000170.jpg,0.678571429,0.652168475,train, food
321,000171.jpg,0.678571429,0.623231288,train, food
318,000172.jpg,0.7,0.644323607,train, food
331,000173.jpg,0.653846154,0.25422631,train, food
326,000174.jpg,0.655172414,0.721469747,train, food
329,000175.jpg,0.655172414,0.526485711,train, food
328,000176.jpg,0.655172414,0.412163111,train, food
330,000177.jpg,0.655172414,0.522941307,train, food
327,000178.jpg,0.655172414,0.855422814,train, food
322,000179.jpg,0.677419355,0.737479291,train, food
323,000180.jpg,0.677419355,0.381710719,train, food
324,000181.jpg,0.677419355,0.585416543,train, food
333,000182.jpg,0.633333333,0.539877282,train, food
332,000183.jpg,0.633333333,0.685907929,train, food
340,000184.jpg,0.607142857,0.180930788,train, food
341,000185.jpg,0.607142857,0.707271317,train, food
339,000186.jpg,0.612903226,0.738890965,train, food
338,000187.jpg,0.612903226,0.41883465,train, food
337,000188.jpg,0.612903226,0.186271994,train, food
336,000189.jpg,0.612903226,0.89056808,train, food
325,000190.jpg,0.657142857,0.452108744,train, food
346,000191.jpg,0.586206897,0.646420523,train, food
344,000192.jpg,0.59375,0.450774344,train, food
342,000193.jpg,0.59375,0.437935436,train, food
343,000194.jpg,0.59375,0.506797437,train, food
334,000195.jpg,0.617647059,0.437027105,train, food
335,000196.jpg,0.617647059,0.429156191,train, food
358,000197.jpg,0.566666667,0.927048122,train, food
357,000198.jpg,0.566666667,0.482249593,train, food
352,000199.jpg,0.575757576,0.436017636,train, food
349,000200.jpg,0.575757576,0.739820453,train, food
351,000201.jpg,0.575757576,0.473341308,train, food
350,000202.jpg,0.575757576,0.358784404,train, food
353,000203.jpg,0.575757576,0.797045772,train, food
354,000204.jpg,0.575757576,0.177368634,train, food
367,000205.jpg,0.548387097,0.201965946,train, food
368,000206.jpg,0.548387097,0.755411351,train, food
366,000207.jpg,0.548387097,0.201542886,train, food
361,000208.jpg,0.558823529,0.549301386,train, food
359,000209.jpg,0.558823529,0.499123844,train, food
360,000210.jpg,0.558823529,0.650811102,train, food
348,000211.jpg,0.583333333,0.369984344,train, food
347,000212.jpg,0.583333333,0.530474191,train, food
376,000213.jpg,0.53125,0.413967786,train, food
378,000214.jpg,0.53125,0.630152093,train, food
380,000215.jpg,0.53125,0.529478415,train, food
377,000216.jpg,0.53125,0.516171407,train, food
379,000217.jpg,0.53125,0.469796826,train, food
375,000218.jpg,0.53125,0.566880821,train, food
369,000219.jpg,0.542857143,0.381656814,train, food
373,000220.jpg,0.542857143,0.499665065,train, food
372,000221.jpg,0.542857143,0.747922424,train, food
371,000222.jpg,0.542857143,0.462098862,train, food
370,000223.jpg,0.542857143,0.177505243,train, food
356,000224.jpg,0.567567568,0.378709369,train, food
345,000225.jpg,0.58974359,0.551373778,train, food
391,000226.jpg,0.515151515,0.821579677,train, food
392,000227.jpg,0.515151515,0.132192189,train, food
389,000228.jpg,0.515151515,0.351782277,train, food
390,000229.jpg,0.515151515,0.577657988,train, food
383,000230.jpg,0.527777778,0.14306829,train, food
384,000231.jpg,0.527777778,0.979157256,train, food
386,000232.jpg,0.527777778,0.04054105,train, food
381,000233.jpg,0.527777778,0.319447924,train, food
385,000234.jpg,0.527777778,0.685085922,train, food
382,000235.jpg,0.527777778,0.711809358,train, food
364,000236.jpg,0.552631579,0.665321967,train, food
363,000237.jpg,0.552631579,0.804774985,train, food
362,000238.jpg,0.552631579,0.595519475,train, food
365,000239.jpg,0.552631579,0.260788113,train, food
355,000240.jpg,0.575,0.384830926,train, food
404,000241.jpg,0.5,0.686692868,train, food
403,000242.jpg,0.5,0.519752443,train, food
409,000243.jpg,0.5,0.317142621,train, food
401,000244.jpg,0.5,0.32059359,train, food
408,000245.jpg,0.5,0.703420798,train, food
399,000246.jpg,0.5,0.665854939,train, food
398,000247.jpg,0.5,0.409366714,train, food
407,000248.jpg,0.5,0.278547851,train, food
395,000249.jpg,0.513513514,0.491988058,train, food
393,000250.jpg,0.513513514,0.538707866,train, food
394,000251.jpg,0.513513514,0.616495821,train, food
374,000252.jpg,0.538461538,0.49642478,train, food
415,000253.jpg,0.485714286,0.336731949,train, food
416,000254.jpg,0.485714286,0.464345873,train, food
402,000255.jpg,0.5,0.776741111,train, food
406,000256.jpg,0.5,-0.167376208,train, food
388,000257.jpg,0.525,0.503578745,train, food
387,000258.jpg,0.525,0.551013802,train, food
421,000259.jpg,0.472222222,0.389598907,train, food
422,000260.jpg,0.472222222,0.669360585,train, food
423,000261.jpg,0.472222222,0.613197884,train, food
425,000262.jpg,0.472222222,0.187515797,train, food
420,000263.jpg,0.472222222,0.506869326,train, food
424,000264.jpg,0.472222222,0.285686387,train, food
414,000265.jpg,0.487179487,0.39539686,train, food
413,000266.jpg,0.487179487,0.354695466,train, food
411,000267.jpg,0.487179487,0.382727534,train, food
410,000268.jpg,0.487179487,0.417212611,train, food
412,000269.jpg,0.487179487,0.653841106,train, food
396,000270.jpg,0.512195122,0.302204487,train, food
436,000271.jpg,0.459459459,0.399754955,train, food
435,000272.jpg,0.459459459,0.145721905,train, food
434,000273.jpg,0.459459459,0.495112578,train, food
418,000274.jpg,0.475,0.498183962,train, food
419,000275.jpg,0.475,0.747997718,train, food
400,000276.jpg,0.5,0.4755825,train, food
405,000277.jpg,0.5,0.266163735,train, food
440,000278.jpg,0.447368421,0.408955655,train, food
441,000279.jpg,0.447368421,0.31055968,train, food
446,000280.jpg,0.447368421,0.481476598,train, food
442,000281.jpg,0.447368421,0.707316713,train, food
445,000282.jpg,0.447368421,0.139590533,train, food
444,000283.jpg,0.447368421,0.577424853,train, food
443,000284.jpg,0.447368421,0.710351008,train, food
433,000285.jpg,0.463414634,0.467177581,train, food
432,000286.jpg,0.463414634,0.495683209,train, food
430,000287.jpg,0.463414634,0.313978792,train, food
431,000288.jpg,0.463414634,0.366364896,train, food
397,000289.jpg,0.511111111,0.37213155,train, food
451,000290.jpg,0.435897436,0.418677591,train, food
449,000291.jpg,0.435897436,0.56432716,train, food
450,000292.jpg,0.435897436,0.528014892,train, food
439,000293.jpg,0.452380952,0.476201914,train, food
417,000294.jpg,0.477272727,0.580467208,train, food
458,000295.jpg,0.425,0.642537169,train, food
457,000296.jpg,0.425,0.390230989,train, food
456,000297.jpg,0.425,0.615303912,train, food
455,000298.jpg,0.425,0.532013885,train, food
454,000299.jpg,0.425,0.246684294,train, food
448,000300.jpg,0.441860465,0.527288266,train, food
428,000301.jpg,0.466666667,0.145377454,train, food
427,000302.jpg,0.466666667,0.191846535,train, food
429,000303.jpg,0.466666667,0.422900537,train, food
426,000304.jpg,0.466666667,0.523499043,train, food
462,000305.jpg,0.414634146,0.429907782,train, food
463,000306.jpg,0.414634146,0.53248745,train, food
464,000307.jpg,0.414634146,0.201170455,train, food
452,000308.jpg,0.431818182,0.435706298,train, food
438,000309.jpg,0.456521739,0.471480085,train, food
437,000310.jpg,0.456521739,0.406827952,train, food
467,000311.jpg,0.404761905,0.282136904,train, food
466,000312.jpg,0.404761905,0.196046015,train, food
459,000313.jpg,0.422222222,0.488605938,train, food
460,000314.jpg,0.422222222,0.521789843,train, food
461,000315.jpg,0.422222222,0.583968037,train, food
473,000316.jpg,0.395348837,0.582353446,train, food
472,000317.jpg,0.395348837,0.458317158,train, food
470,000318.jpg,0.395348837,0.256848564,train, food
471,000319.jpg,0.395348837,0.470714983,train, food
469,000320.jpg,0.395348837,0.28689247,train, food
465,000321.jpg,0.413043478,0.332942392,train, food
476,000322.jpg,0.386363636,0.275340643,train, food
475,000323.jpg,0.386363636,0.532697619,train, food
453,000324.jpg,0.428571429,0.353099698,train, food
477,000325.jpg,0.377777778,0.704607449,train, food
468,000326.jpg,0.395833333,0.386884893,train, food
447,000327.jpg,0.442307692,0.395062457,train, food
479,000328.jpg,0.369565217,0.406630549,train, food
478,000329.jpg,0.369565217,0.52206032,train, food
474,000330.jpg,0.387755102,0.688215043,train, food
480,000331.jpg,0.346938776,0.399433364,train, food
481,000332.jpg,0.314814815,0.56648968,train, food
652,000503.jpg,0.882352941,0.660477987,train, landscape
653,000504.jpg,0.80952381,0.496897256,train, landscape
654,000505.jpg,0.793103448,0.65557568,train, landscape
655,000506.jpg,0.739130435,0.394361784,train, landscape
659,000507.jpg,0.708333333,0.499847156,train, landscape
658,000508.jpg,0.708333333,0.404967488,train, landscape
656,000509.jpg,0.724137931,0.332611497,train, landscape
657,000510.jpg,0.724137931,0.800801564,train, landscape
661,000511.jpg,0.68,0.550111385,train, landscape
662,000512.jpg,0.678571429,0.536913307,train, landscape
660,000513.jpg,0.7,0.364611221,train, landscape
664,000514.jpg,0.655172414,0.57560226,train, landscape
668,000515.jpg,0.62962963,0.508381283,train, landscape
667,000516.jpg,0.62962963,0.461756044,train, landscape
666,000517.jpg,0.633333333,0.592511326,train, landscape
665,000518.jpg,0.633333333,0.399648102,train, landscape
663,000519.jpg,0.65625,0.449442905,train, landscape
678,000520.jpg,0.607142857,0.16358077,train, landscape
679,000521.jpg,0.607142857,0.498489599,train, landscape
677,000522.jpg,0.607142857,0.250737874,train, landscape
673,000523.jpg,0.612903226,0.417445521,train, landscape
675,000524.jpg,0.612903226,0.429356192,train, landscape
676,000525.jpg,0.612903226,0.170952112,train, landscape
674,000526.jpg,0.612903226,0.377652324,train, landscape
685,000527.jpg,0.586206897,0.346260374,train, landscape
686,000528.jpg,0.586206897,0.431554,train, landscape
684,000529.jpg,0.586206897,0.365241691,train, landscape
687,000530.jpg,0.586206897,0.457170341,train, landscape
682,000531.jpg,0.59375,0.643897173,train, landscape
672,000532.jpg,0.617647059,0.368044778,train, landscape
669,000533.jpg,0.617647059,0.369753179,train, landscape
671,000534.jpg,0.617647059,0.411516666,train, landscape
670,000535.jpg,0.617647059,0.729946655,train, landscape
694,000536.jpg,0.566666667,0.330217879,train, landscape
690,000537.jpg,0.575757576,0.403724582,train, landscape
691,000538.jpg,0.575757576,0.220783079,train, landscape
689,000539.jpg,0.575757576,0.480540952,train, landscape
681,000540.jpg,0.6,0.622640142,train, landscape
705,000541.jpg,0.548387097,0.469384213,train, landscape
701,000542.jpg,0.548387097,0.412053577,train, landscape
702,000543.jpg,0.548387097,0.780102826,train, landscape
704,000544.jpg,0.548387097,0.696840437,train, landscape
703,000545.jpg,0.548387097,0.677205382,train, landscape
700,000546.jpg,0.548387097,0.184578373,train, landscape
699,000547.jpg,0.548387097,0.337853156,train, landscape
695,000548.jpg,0.558823529,0.552276639,train, landscape
696,000549.jpg,0.558823529,0.348861686,train, landscape
697,000550.jpg,0.558823529,0.492956809,train, landscape
698,000551.jpg,0.558823529,0.490892783,train, landscape
688,000552.jpg,0.583333333,0.185262143,train, landscape
680,000553.jpg,0.605263158,0.711943801,train, landscape
710,000554.jpg,0.53125,0.631081901,train, landscape
713,000555.jpg,0.53125,0.531951292,train, landscape
711,000556.jpg,0.53125,0.415248476,train, landscape
714,000557.jpg,0.53125,0.216012589,train, landscape
712,000558.jpg,0.53125,0.463047724,train, landscape
715,000559.jpg,0.53125,0.488289452,train, landscape
706,000560.jpg,0.542857143,0.410290743,train, landscape
693,000561.jpg,0.567567568,0.459970414,train, landscape
692,000562.jpg,0.567567568,0.465885201,train, landscape
683,000563.jpg,0.58974359,0.46736733,train, landscape
727,000564.jpg,0.515151515,0.610638653,train, landscape
726,000565.jpg,0.515151515,0.590264694,train, landscape
725,000566.jpg,0.515151515,0.501379875,train, landscape
728,000567.jpg,0.515151515,0.154339089,train, landscape
724,000568.jpg,0.515151515,0.316023267,train, landscape
723,000569.jpg,0.515151515,0.275736127,train, landscape
720,000570.jpg,0.527777778,0.221306077,train, landscape
719,000571.jpg,0.527777778,0.485557392,train, landscape
721,000572.jpg,0.527777778,0.699541129,train, landscape
718,000573.jpg,0.527777778,0.562405687,train, landscape
717,000574.jpg,0.527777778,0.506713454,train, landscape
716,000575.jpg,0.527777778,0.497730428,train, landscape
742,000576.jpg,0.5,0.767941548,train, landscape
744,000577.jpg,0.5,0.33572791,train, landscape
747,000578.jpg,0.5,0.335963645,train, landscape
737,000579.jpg,0.5,0.331284603,train, landscape
741,000580.jpg,0.5,0.557832412,train, landscape
734,000581.jpg,0.5,0.600703161,train, landscape
736,000582.jpg,0.5,0.598526174,train, landscape
739,000583.jpg,0.5,0.516854116,train, landscape
746,000584.jpg,0.5,0.431457474,train, landscape
743,000585.jpg,0.5,0.361499968,train, landscape
745,000586.jpg,0.5,0.292421416,train, landscape
729,000587.jpg,0.513513514,0.387153098,train, landscape
731,000588.jpg,0.513513514,0.563198803,train, landscape
732,000589.jpg,0.513513514,0.312070744,train, landscape
730,000590.jpg,0.513513514,0.842104266,train, landscape
707,000591.jpg,0.538461538,0.594282211,train, landscape
709,000592.jpg,0.538461538,0.861370743,train, landscape
708,000593.jpg,0.538461538,0.725625784,train, landscape
760,000594.jpg,0.485714286,0.588411325,train, landscape
754,000595.jpg,0.485714286,0.510999642,train, landscape
759,000596.jpg,0.485714286,0.405714144,train, landscape
758,000597.jpg,0.485714286,0.663302966,train, landscape
757,000598.jpg,0.485714286,0.382384722,train, landscape
755,000599.jpg,0.485714286,0.446002757,train, landscape
761,000600.jpg,0.485714286,0.593283636,train, landscape
756,000601.jpg,0.485714286,0.441926142,train, landscape
748,000602.jpg,0.5,0.159147266,train, landscape
740,000603.jpg,0.5,0.511374673,train, landscape
735,000604.jpg,0.5,0.433095501,train, landscape
738,000605.jpg,0.5,0.782653246,train, landscape
722,000606.jpg,0.525,0.586742357,train, landscape
767,000607.jpg,0.472222222,0.536679557,train, landscape
768,000608.jpg,0.472222222,0.561418578,train, landscape
769,000609.jpg,0.472222222,0.299105702,train, landscape
772,000610.jpg,0.472222222,0.359859162,train, landscape
770,000611.jpg,0.472222222,0.407197053,train, landscape
773,000612.jpg,0.472222222,0.67283798,train, landscape
771,000613.jpg,0.472222222,0.526105833,train, landscape
753,000614.jpg,0.487179487,0.511228891,train, landscape
752,000615.jpg,0.487179487,0.434865109,train, landscape
751,000616.jpg,0.487179487,0.213790047,train, landscape
733,000617.jpg,0.512195122,0.396284346,train, landscape
781,000618.jpg,0.459459459,0.335047051,train, landscape
786,000619.jpg,0.459459459,0.34267065,train, landscape
782,000620.jpg,0.459459459,0.371831674,train, landscape
784,000621.jpg,0.459459459,0.175980417,train, landscape
783,000622.jpg,0.459459459,0.385136045,train, landscape
785,000623.jpg,0.459459459,0.259596563,train, landscape
780,000624.jpg,0.459459459,0.352377855,train, landscape
766,000625.jpg,0.475,0.544288406,train, landscape
765,000626.jpg,0.475,0.598449826,train, landscape
763,000627.jpg,0.475,0.430848755,train, landscape
762,000628.jpg,0.475,0.35246441,train, landscape
764,000629.jpg,0.475,0.472053054,train, landscape
791,000630.jpg,0.447368421,0.301410238,train, landscape
790,000631.jpg,0.447368421,0.605852581,train, landscape
775,000632.jpg,0.463414634,0.395120739,train, landscape
777,000633.jpg,0.463414634,0.515212247,train, landscape
778,000634.jpg,0.463414634,0.596297788,train, landscape
776,000635.jpg,0.463414634,0.352388026,train, landscape
779,000636.jpg,0.463414634,0.344172986,train, landscape
750,000637.jpg,0.488372093,0.785005989,train, landscape
795,000638.jpg,0.435897436,0.620131894,train, landscape
794,000639.jpg,0.435897436,0.167299761,train, landscape
793,000640.jpg,0.435897436,0.475350879,train, landscape
798,000641.jpg,0.435897436,0.612748141,train, landscape
797,000642.jpg,0.435897436,0.515303575,train, landscape
796,000643.jpg,0.435897436,0.552825236,train, landscape
788,000644.jpg,0.452380952,0.387975902,train, landscape
801,000645.jpg,0.425,0.335638515,train, landscape
800,000646.jpg,0.425,0.831311892,train, landscape
792,000647.jpg,0.441860465,0.199692581,train, landscape
774,000648.jpg,0.466666667,0.378281281,train, landscape
749,000649.jpg,0.489361702,0.719051386,train, landscape
803,000650.jpg,0.414634146,0.407869114,train, landscape
805,000651.jpg,0.414634146,0.477135774,train, landscape
804,000652.jpg,0.414634146,0.51125399,train, landscape
799,000653.jpg,0.431818182,0.355986822,train, landscape
787,000654.jpg,0.456521739,0.473207655,train, landscape
807,000655.jpg,0.404761905,0.344416661,train, landscape
808,000656.jpg,0.404761905,0.484376499,train, landscape
809,000657.jpg,0.404761905,0.765623169,train, landscape
802,000658.jpg,0.422222222,0.704516085,train, landscape
812,000659.jpg,0.395348837,0.387875314,train, landscape
806,000660.jpg,0.413043478,0.617846502,train, landscape
813,000661.jpg,0.386363636,0.60757771,train, landscape
810,000662.jpg,0.404255319,0.524165084,train, landscape
811,000663.jpg,0.404255319,0.516291904,train, landscape
789,000664.jpg,0.450980392,0.499020011,train, landscape
815,000665.jpg,0.369565217,0.504084907,train, landscape
814,000666.jpg,0.37254902,0.742812204,train, landscape
816,000667.jpg,0.34,0.559161769,train, landscape
817,000668.jpg,0.333333333,0.609016723,train, landscape
818,000669.jpg,0.913043478,0.562665981,train, sports
819,000670.jpg,0.884615385,0.870032814,train, sports
820,000671.jpg,0.851851852,0.402134468,train, sports
821,000672.jpg,0.703703704,0.710095258,train, sports
822,000673.jpg,0.678571429,0.358097854,train, sports
823,000674.jpg,0.677419355,0.628471993,train, sports
836,000675.jpg,0.62962963,0.245241069,train, sports
835,000676.jpg,0.62962963,0.20812857,train, sports
837,000677.jpg,0.62962963,0.521437149,train, sports
832,000678.jpg,0.633333333,0.37458275,train, sports
833,000679.jpg,0.633333333,0.636442737,train, sports
831,000680.jpg,0.633333333,0.574031032,train, sports
834,000681.jpg,0.633333333,0.678939771,train, sports
825,000682.jpg,0.65625,0.395529262,train, sports
824,000683.jpg,0.676470588,0.369379172,train, sports
844,000684.jpg,0.607142857,0.607353029,train, sports
843,000685.jpg,0.607142857,0.461847284,train, sports
842,000686.jpg,0.607142857,0.559620809,train, sports
841,000687.jpg,0.607142857,0.596076263,train, sports
827,000688.jpg,0.636363636,0.46349505,train, sports
829,000689.jpg,0.636363636,0.409401173,train, sports
830,000690.jpg,0.636363636,0.623865917,train, sports
828,000691.jpg,0.636363636,0.641631328,train, sports
850,000692.jpg,0.586206897,0.522390299,train, sports
847,000693.jpg,0.59375,0.29561023,train, sports
848,000694.jpg,0.59375,0.52705528,train, sports
846,000695.jpg,0.59375,0.325008594,train, sports
849,000696.jpg,0.59375,0.423881062,train, sports
840,000697.jpg,0.617647059,0.672751369,train, sports
826,000698.jpg,0.638888889,0.395978912,train, sports
861,000699.jpg,0.566666667,0.456603995,train, sports
860,000700.jpg,0.566666667,0.529521732,train, sports
854,000701.jpg,0.575757576,0.720392353,train, sports
855,000702.jpg,0.575757576,0.714076504,train, sports
857,000703.jpg,0.575757576,0.805636954,train, sports
856,000704.jpg,0.575757576,0.605535786,train, sports
858,000705.jpg,0.575757576,0.553450836,train, sports
845,000706.jpg,0.6,0.409881107,train, sports
839,000707.jpg,0.621621622,0.178015643,train, sports
871,000708.jpg,0.548387097,0.482338887,train, sports
872,000709.jpg,0.548387097,0.599060003,train, sports
874,000710.jpg,0.548387097,0.408687679,train, sports
869,000711.jpg,0.548387097,0.245855484,train, sports
873,000712.jpg,0.548387097,0.511864971,train, sports
870,000713.jpg,0.548387097,0.758366322,train, sports
862,000714.jpg,0.558823529,0.512999716,train, sports
863,000715.jpg,0.558823529,0.593010771,train, sports
865,000716.jpg,0.558823529,0.507863874,train, sports
864,000717.jpg,0.558823529,0.320049869,train, sports
852,000718.jpg,0.583333333,0.262368636,train, sports
851,000719.jpg,0.583333333,0.395556947,train, sports
853,000720.jpg,0.583333333,0.415061473,train, sports
884,000721.jpg,0.53125,0.470592832,train, sports
886,000722.jpg,0.53125,0.333734636,train, sports
882,000723.jpg,0.53125,0.545969762,train, sports
883,000724.jpg,0.53125,0.362730755,train, sports
885,000725.jpg,0.53125,0.59069607,train, sports
887,000726.jpg,0.53125,0.691627348,train, sports
876,000727.jpg,0.542857143,0.577888365,train, sports
879,000728.jpg,0.542857143,0.329222803,train, sports
880,000729.jpg,0.542857143,0.403835538,train, sports
875,000730.jpg,0.542857143,0.319669424,train, sports
877,000731.jpg,0.542857143,0.660032606,train, sports
878,000732.jpg,0.542857143,0.577491792,train, sports
859,000733.jpg,0.567567568,0.37937391,train, sports
838,000734.jpg,0.627906977,0.328713775,train, sports
891,000735.jpg,0.515151515,0.765648602,train, sports
890,000736.jpg,0.515151515,0.499331367,train, sports
894,000737.jpg,0.515151515,0.374951726,train, sports
892,000738.jpg,0.515151515,0.263898411,train, sports
893,000739.jpg,0.515151515,0.514182659,train, sports
889,000740.jpg,0.527777778,0.731257963,train, sports
888,000741.jpg,0.527777778,0.168585691,train, sports
866,000742.jpg,0.552631579,0.62984466,train, sports
867,000743.jpg,0.552631579,0.708624002,train, sports
868,000744.jpg,0.552631579,0.399304228,train, sports
904,000745.jpg,0.5,0.450168781,train, sports
910,000746.jpg,0.5,0.336020523,train, sports
901,000747.jpg,0.5,0.457627715,train, sports
908,000748.jpg,0.5,0.863099608,train, sports
905,000749.jpg,0.5,0.790835416,train, sports
898,000750.jpg,0.513513514,0.617900555,train, sports
895,000751.jpg,0.513513514,0.274074752,train, sports
897,000752.jpg,0.513513514,0.988578502,train, sports
896,000753.jpg,0.513513514,0.466024539,train, sports
881,000754.jpg,0.538461538,0.3779703,train, sports
918,000755.jpg,0.485714286,0.521919469,train, sports
920,000756.jpg,0.485714286,0.496207823,train, sports
915,000757.jpg,0.485714286,0.534609228,train, sports
921,000758.jpg,0.485714286,0.606964217,train, sports
922,000759.jpg,0.485714286,0.762580978,train, sports
923,000760.jpg,0.485714286,0.580968928,train, sports
924,000761.jpg,0.485714286,0.503524709,train, sports
916,000762.jpg,0.485714286,0.582584263,train, sports
925,000763.jpg,0.485714286,0.574342267,train, sports
914,000764.jpg,0.485714286,0.801391052,train, sports
919,000765.jpg,0.485714286,0.684363872,train, sports
917,000766.jpg,0.485714286,0.568723626,train, sports
907,000767.jpg,0.5,0.702464411,train, sports
930,000768.jpg,0.472222222,0.514860256,train, sports
929,000769.jpg,0.472222222,0.940559793,train, sports
934,000770.jpg,0.472222222,0.775724668,train, sports
933,000771.jpg,0.472222222,0.631494041,train, sports
932,000772.jpg,0.472222222,0.582784947,train, sports
935,000773.jpg,0.472222222,0.637408594,train, sports
931,000774.jpg,0.472222222,0.398191581,train, sports
913,000775.jpg,0.487179487,0.638679349,train, sports
912,000776.jpg,0.487179487,0.473040359,train, sports
899,000777.jpg,0.512195122,0.233800885,train, sports
900,000778.jpg,0.512195122,0.551432977,train, sports
941,000779.jpg,0.459459459,0.18369482,train, sports
942,000780.jpg,0.459459459,0.601339081,train, sports
944,000781.jpg,0.459459459,0.373462119,train, sports
943,000782.jpg,0.459459459,0.967038872,train, sports
940,000783.jpg,0.459459459,0.662767984,train, sports
926,000784.jpg,0.475,0.394528632,train, sports
927,000785.jpg,0.475,0.645561215,train, sports
928,000786.jpg,0.475,0.427495646,train, sports
902,000787.jpg,0.5,0.752470366,train, sports
906,000788.jpg,0.5,0.435176543,train, sports
947,000789.jpg,0.447368421,0.580987628,train, sports
949,000790.jpg,0.447368421,0.415320624,train, sports
946,000791.jpg,0.447368421,0.541202671,train, sports
950,000792.jpg,0.447368421,0.353043765,train, sports
948,000793.jpg,0.447368421,0.437370159,train, sports
938,000794.jpg,0.463414634,0.365390213,train, sports
939,000795.jpg,0.463414634,0.295119651,train, sports
937,000796.jpg,0.463414634,0.356043452,train, sports
911,000797.jpg,0.488372093,0.705768542,train, sports
959,000798.jpg,0.435897436,0.25372882,train, sports
957,000799.jpg,0.435897436,0.638508675,train, sports
958,000800.jpg,0.435897436,0.982537526,train, sports
960,000801.jpg,0.435897436,0.427924078,train, sports
961,000802.jpg,0.435897436,0.609224342,train, sports
956,000803.jpg,0.435897436,0.9200657,train, sports
945,000804.jpg,0.452380952,0.589332743,train, sports
903,000805.jpg,0.5,0.456864886,train, sports
909,000806.jpg,0.5,0.411293622,train, sports
967,000807.jpg,0.425,0.418345417,train, sports
966,000808.jpg,0.425,0.302649275,train, sports
965,000809.jpg,0.425,0.691448589,train, sports
963,000810.jpg,0.425,0.159837045,train, sports
964,000811.jpg,0.425,0.435734049,train, sports
953,000812.jpg,0.441860465,0.282775781,train, sports
952,000813.jpg,0.441860465,0.652748151,train, sports
954,000814.jpg,0.441860465,0.56519141,train, sports
955,000815.jpg,0.441860465,0.075927512,train, sports
936,000816.jpg,0.466666667,0.479693146,train, sports
968,000817.jpg,0.414634146,0.625885944,train, sports
962,000818.jpg,0.431818182,0.522413721,train, sports
971,000819.jpg,0.404761905,0.774726698,train, sports
970,000820.jpg,0.404761905,0.878445514,train, sports
969,000821.jpg,0.404761905,0.218141483,train, sports
951,000822.jpg,0.446808511,0.422461666,train, sports
974,000823.jpg,0.395348837,0.641412456,train, sports
977,000824.jpg,0.386363636,0.322146784,train, sports
978,000825.jpg,0.386363636,0.618392983,train, sports
979,000826.jpg,0.386363636,0.515862487,train, sports
972,000827.jpg,0.404255319,0.663737444,train, sports
980,000828.jpg,0.377777778,0.62486172,train, sports
981,000829.jpg,0.377777778,0.505882083,train, sports
973,000830.jpg,0.395833333,0.384564457,train, sports
976,000831.jpg,0.387755102,0.593171106,train, sports
975,000832.jpg,0.387755102,0.701167186,train, sports
982,000833.jpg,0.333333333,0.262588177,train, sports
983,000834.jpg,0.320754717,0.399799845,train, sports
148,0001000.jpg,0.354166667,0.501125871,validation, vehicle
984,000835.jpg,0.904761905,0.431238833,train, vehicle
985,000836.jpg,0.884615385,0.200126522,train, vehicle
986,000837.jpg,0.80952381,0.337998149,train, vehicle
987,000838.jpg,0.791666667,0.840467329,train, vehicle
988,000839.jpg,0.772727273,0.255758148,train, vehicle
990,000840.jpg,0.76,0.82899369,train, vehicle
991,000841.jpg,0.739130435,0.547957958,train, vehicle
992,000842.jpg,0.739130435,0.703211758,train, vehicle
993,000843.jpg,0.730769231,0.533623125,train, vehicle
989,000844.jpg,0.766666667,0.187296272,train, vehicle
995,000845.jpg,0.708333333,0.148782871,train, vehicle
996,000846.jpg,0.703703704,0.230250187,train, vehicle
998,000847.jpg,0.68,0.695106095,train, vehicle
999,000848.jpg,0.68,0.553285725,train, vehicle
1,000849.jpg,0.678571429,1.028905919,validation, vehicle
0,000850.jpg,0.678571429,0.236125394,validation, vehicle
994,000851.jpg,0.71875,0.306947188,train, vehicle
5,000852.jpg,0.653846154,0.469588522,validation, vehicle
2,000853.jpg,0.655172414,0.685902818,validation, vehicle
3,000854.jpg,0.655172414,0.589805967,validation, vehicle
4,000855.jpg,0.655172414,0.496851286,validation, vehicle
997,000856.jpg,0.696969697,0.175745686,train, vehicle
10,000857.jpg,0.633333333,0.671872823,validation, vehicle
9,000858.jpg,0.633333333,0.16928972,validation, vehicle
14,000859.jpg,0.607142857,0.455330681,validation, vehicle
16,000860.jpg,0.607142857,0.601846319,validation, vehicle
17,000861.jpg,0.607142857,0.471039989,validation, vehicle
15,000862.jpg,0.607142857,0.571159098,validation, vehicle
18,000863.jpg,0.607142857,0.429799778,validation, vehicle
13,000864.jpg,0.612903226,0.506181888,validation, vehicle
11,000865.jpg,0.612903226,0.652279436,validation, vehicle
12,000866.jpg,0.612903226,0.424361743,validation, vehicle
8,000867.jpg,0.636363636,0.644110589,validation, vehicle
7,000868.jpg,0.636363636,0.588894529,validation, vehicle
26,000869.jpg,0.586206897,0.733739007,validation, vehicle
24,000870.jpg,0.59375,0.275703548,validation, vehicle
25,000871.jpg,0.59375,0.846723324,validation, vehicle
23,000872.jpg,0.59375,0.594881642,validation, vehicle
22,000873.jpg,0.59375,0.297548648,validation, vehicle
21,000874.jpg,0.59375,0.392306179,validation, vehicle
20,000875.jpg,0.59375,0.61566292,validation, vehicle
6,000876.jpg,0.638888889,0.421090477,validation, vehicle
40,000877.jpg,0.566666667,0.651540091,validation, vehicle
37,000878.jpg,0.566666667,0.650446291,validation, vehicle
38,000879.jpg,0.566666667,0.523788508,validation, vehicle
39,000880.jpg,0.566666667,0.460635215,validation, vehicle
32,000881.jpg,0.575757576,0.507816534,validation, vehicle
31,000882.jpg,0.575757576,0.371261235,validation, vehicle
33,000883.jpg,0.575757576,0.474347572,validation, vehicle
19,000884.jpg,0.6,0.357734445,validation, vehicle
44,000885.jpg,0.548387097,0.917518269,validation, vehicle
45,000886.jpg,0.548387097,0.480721907,validation, vehicle
41,000887.jpg,0.558823529,0.610967381,validation, vehicle
42,000888.jpg,0.558823529,0.371357407,validation, vehicle
28,000889.jpg,0.583333333,0.318300857,validation, vehicle
30,000890.jpg,0.583333333,0.766592556,validation, vehicle
29,000891.jpg,0.583333333,0.419458083,validation, vehicle
27,000892.jpg,0.583333333,0.560889452,validation, vehicle
51,000893.jpg,0.53125,0.506435193,validation, vehicle
49,000894.jpg,0.53125,0.434377389,validation, vehicle
50,000895.jpg,0.53125,0.268110494,validation, vehicle
35,000896.jpg,0.567567568,0.476546206,validation, vehicle
36,000897.jpg,0.567567568,0.591877236,validation, vehicle
60,000898.jpg,0.515151515,0.351047498,validation, vehicle
58,000899.jpg,0.515151515,0.2441375,validation, vehicle
61,000900.jpg,0.515151515,0.505954492,validation, vehicle
59,000901.jpg,0.515151515,0.141907553,validation, vehicle
54,000902.jpg,0.527777778,0.576653453,validation, vehicle
52,000903.jpg,0.527777778,0.678915667,validation, vehicle
57,000904.jpg,0.527777778,0.685244089,validation, vehicle
53,000905.jpg,0.527777778,0.447777637,validation, vehicle
56,000906.jpg,0.527777778,0.5386315,validation, vehicle
55,000907.jpg,0.527777778,0.512407211,validation, vehicle
43,000908.jpg,0.552631579,0.260895473,validation, vehicle
34,000909.jpg,0.575,0.511099256,validation, vehicle
73,000910.jpg,0.5,0.36500424,validation, vehicle
71,000911.jpg,0.5,0.389250239,validation, vehicle
74,000912.jpg,0.5,0.522849737,validation, vehicle
77,000913.jpg,0.5,0.601862308,validation, vehicle
80,000914.jpg,0.5,0.456114893,validation, vehicle
63,000915.jpg,0.513513514,0.435049404,validation, vehicle
62,000916.jpg,0.513513514,0.472950436,validation, vehicle
64,000917.jpg,0.513513514,0.47047879,validation, vehicle
65,000918.jpg,0.513513514,0.460565696,validation, vehicle
66,000919.jpg,0.513513514,0.561518015,validation, vehicle
48,000920.jpg,0.538461538,0.631710002,validation, vehicle
47,000921.jpg,0.538461538,0.687506319,validation, vehicle
85,000922.jpg,0.485714286,0.598263629,validation, vehicle
86,000923.jpg,0.485714286,0.768762917,validation, vehicle
84,000924.jpg,0.485714286,0.473479698,validation, vehicle
69,000925.jpg,0.5,0.4907056,validation, vehicle
68,000926.jpg,0.5,0.619562819,validation, vehicle
70,000927.jpg,0.5,0.398767943,validation, vehicle
75,000928.jpg,0.5,0.323923075,validation, vehicle
76,000929.jpg,0.5,0.474508639,validation, vehicle
79,000930.jpg,0.5,0.463344185,validation, vehicle
46,000931.jpg,0.547619048,0.380830934,validation, vehicle
92,000932.jpg,0.472222222,0.141933519,validation, vehicle
93,000933.jpg,0.472222222,0.562328664,validation, vehicle
81,000934.jpg,0.487179487,0.430302956,validation, vehicle
83,000935.jpg,0.487179487,0.94806717,validation, vehicle
82,000936.jpg,0.487179487,0.114882824,validation, vehicle
67,000937.jpg,0.512195122,0.31745602,validation, vehicle
104,000938.jpg,0.459459459,0.535127794,validation, vehicle
100,000939.jpg,0.459459459,0.523547449,validation, vehicle
105,000940.jpg,0.459459459,0.469104956,validation, vehicle
102,000941.jpg,0.459459459,0.131518645,validation, vehicle
103,000942.jpg,0.459459459,0.767951039,validation, vehicle
101,000943.jpg,0.459459459,0.550493011,validation, vehicle
99,000944.jpg,0.459459459,0.532320411,validation, vehicle
98,000945.jpg,0.459459459,0.527333342,validation, vehicle
87,000946.jpg,0.475,0.687525847,validation, vehicle
91,000947.jpg,0.475,0.690745903,validation, vehicle
89,000948.jpg,0.475,0.298772924,validation, vehicle
90,000949.jpg,0.475,0.06473297,validation, vehicle
88,000950.jpg,0.475,0.42103038,validation, vehicle
72,000951.jpg,0.5,0.329637377,validation, vehicle
78,000952.jpg,0.5,0.681310166,validation, vehicle
111,000953.jpg,0.447368421,0.647264168,validation, vehicle
110,000954.jpg,0.447368421,0.505959545,validation, vehicle
109,000955.jpg,0.447368421,0.324504631,validation, vehicle
95,000956.jpg,0.463414634,0.622379153,validation, vehicle
94,000957.jpg,0.463414634,0.075324281,validation, vehicle
97,000958.jpg,0.463414634,0.379571727,validation, vehicle
96,000959.jpg,0.463414634,0.451594226,validation, vehicle
117,000960.jpg,0.435897436,0.463990886,validation, vehicle
119,000961.jpg,0.435897436,0.056711523,validation, vehicle
122,000962.jpg,0.435897436,0.457983993,validation, vehicle
118,000963.jpg,0.435897436,0.44154315,validation, vehicle
120,000964.jpg,0.435897436,0.599441121,validation, vehicle
121,000965.jpg,0.435897436,0.603813815,validation, vehicle
107,000966.jpg,0.452380952,0.569376155,validation, vehicle
108,000967.jpg,0.452380952,0.448193832,validation, vehicle
106,000968.jpg,0.452380952,0.086502086,validation, vehicle
127,000969.jpg,0.425,0.411342359,validation, vehicle
125,000970.jpg,0.425,0.180228785,validation, vehicle
126,000971.jpg,0.425,0.222276398,validation, vehicle
114,000972.jpg,0.441860465,0.480423661,validation, vehicle
115,000973.jpg,0.441860465,0.634212849,validation, vehicle
116,000974.jpg,0.441860465,0.556155496,validation, vehicle
113,000975.jpg,0.441860465,0.665015659,validation, vehicle
133,000976.jpg,0.414634146,0.363376502,validation, vehicle
130,000977.jpg,0.414634146,0.776331212,validation, vehicle
131,000978.jpg,0.414634146,0.465387011,validation, vehicle
132,000979.jpg,0.414634146,0.466119513,validation, vehicle
129,000980.jpg,0.414634146,0.528799924,validation, vehicle
124,000981.jpg,0.431818182,0.479601855,validation, vehicle
123,000982.jpg,0.431818182,0.465669493,validation, vehicle
138,000983.jpg,0.404761905,0.246869547,validation, vehicle
136,000984.jpg,0.404761905,0.845572006,validation, vehicle
139,000985.jpg,0.404761905,0.565508706,validation, vehicle
135,000986.jpg,0.404761905,0.601628116,validation, vehicle
137,000987.jpg,0.404761905,0.317502662,validation, vehicle
128,000988.jpg,0.422222222,0.611154161,validation, vehicle
112,000989.jpg,0.446808511,0.225787441,validation, vehicle
140,000990.jpg,0.395348837,0.650586536,validation, vehicle
134,000991.jpg,0.413043478,0.472157461,validation, vehicle
142,000992.jpg,0.386363636,0.927320118,validation, vehicle
144,000993.jpg,0.377777778,0.479726446,validation, vehicle
143,000994.jpg,0.377777778,0.563746788,validation, vehicle
146,000995.jpg,0.369565217,0.542799517,validation, vehicle
147,000996.jpg,0.369565217,0.498551498,validation, vehicle
145,000997.jpg,0.369565217,0.395861575,validation, vehicle
141,000998.jpg,0.387755102,0.724070353,validation, vehicle
149,000999.jpg,0.354166667,0.86016306,validation, vehicle
482,000333.jpg,0.85,0.747083288,train, iran
483,000334.jpg,0.777777778,0.579274384,train, iran
485,000335.jpg,0.730769231,0.626223672,train, iran
484,000336.jpg,0.75,0.738428907,train, iran
486,000337.jpg,0.724137931,0.580146835,train, iran
487,000338.jpg,0.724137931,0.400021466,train, iran
490,000339.jpg,0.678571429,0.521998943,train, iran
491,000340.jpg,0.678571429,0.830056727,train, iran
488,000341.jpg,0.7,0.236953937,train, iran
493,000342.jpg,0.655172414,0.427043217,train, iran
489,000343.jpg,0.696969697,0.465534508,train, iran
497,000344.jpg,0.62962963,0.621671657,train, iran
498,000345.jpg,0.62962963,0.555801043,train, iran
499,000346.jpg,0.62962963,0.588655804,train, iran
495,000347.jpg,0.633333333,0.558553695,train, iran
496,000348.jpg,0.633333333,0.501406203,train, iran
492,000349.jpg,0.676470588,0.518011928,train, iran
506,000350.jpg,0.607142857,0.283298969,train, iran
503,000351.jpg,0.612903226,0.579063397,train, iran
504,000352.jpg,0.612903226,0.453773814,train, iran
505,000353.jpg,0.612903226,0.442683987,train, iran
494,000354.jpg,0.636363636,0.407643174,train, iran
516,000355.jpg,0.586206897,0.889934989,train, iran
517,000356.jpg,0.586206897,0.512355034,train, iran
518,000357.jpg,0.586206897,0.575189868,train, iran
519,000358.jpg,0.586206897,0.634822066,train, iran
509,000359.jpg,0.59375,0.838461201,train, iran
510,000360.jpg,0.59375,0.609969682,train, iran
511,000361.jpg,0.59375,0.733483349,train, iran
512,000362.jpg,0.59375,0.54198109,train, iran
513,000363.jpg,0.59375,0.082509388,train, iran
514,000364.jpg,0.59375,0.47102003,train, iran
525,000365.jpg,0.575757576,0.104997749,train, iran
526,000366.jpg,0.575757576,0.365791339,train, iran
527,000367.jpg,0.575757576,0.540742861,train, iran
528,000368.jpg,0.575757576,0.33214166,train, iran
529,000369.jpg,0.575757576,0.609658024,train, iran
507,000370.jpg,0.6,0.156845184,train, iran
508,000371.jpg,0.6,0.756293552,train, iran
500,000372.jpg,0.621621622,0.453372124,train, iran
501,000373.jpg,0.621621622,0.240444911,train, iran
502,000374.jpg,0.621621622,0.602884837,train, iran
539,000375.jpg,0.548387097,0.679375371,train, iran
540,000376.jpg,0.548387097,0.440520593,train, iran
532,000377.jpg,0.558823529,0.394218089,train, iran
533,000378.jpg,0.558823529,0.446575924,train, iran
534,000379.jpg,0.558823529,0.216270818,train, iran
520,000380.jpg,0.583333333,0.44682756,train, iran
521,000381.jpg,0.583333333,0.574406118,train, iran
522,000382.jpg,0.583333333,0.542788529,train, iran
523,000383.jpg,0.583333333,0.741864235,train, iran
548,000384.jpg,0.53125,0.808194142,train, iran
549,000385.jpg,0.53125,0.71525501,train, iran
550,000386.jpg,0.53125,0.581417506,train, iran
551,000387.jpg,0.53125,0.240992987,train, iran
552,000388.jpg,0.53125,0.833810575,train, iran
553,000389.jpg,0.53125,0.420430975,train, iran
541,000390.jpg,0.542857143,0.456634419,train, iran
542,000391.jpg,0.542857143,0.618366961,train, iran
543,000392.jpg,0.542857143,0.739510425,train, iran
544,000393.jpg,0.542857143,0.724144792,train, iran
545,000394.jpg,0.542857143,0.221516956,train, iran
530,000395.jpg,0.567567568,0.574673737,train, iran
531,000396.jpg,0.567567568,0.591052806,train, iran
515,000397.jpg,0.58974359,0.53357892,train, iran
560,000398.jpg,0.515151515,0.669907434,train, iran
561,000399.jpg,0.515151515,0.566340778,train, iran
562,000400.jpg,0.515151515,0.401051402,train, iran
563,000401.jpg,0.515151515,0.691026763,train, iran
564,000402.jpg,0.515151515,0.666968784,train, iran
565,000403.jpg,0.515151515,0.683527105,train, iran
566,000404.jpg,0.515151515,0.50573897,train, iran
554,000405.jpg,0.527777778,0.695489109,train, iran
555,000406.jpg,0.527777778,0.284181811,train, iran
556,000407.jpg,0.527777778,0.84172261,train, iran
557,000408.jpg,0.527777778,0.515347952,train, iran
535,000409.jpg,0.552631579,0.642059594,train, iran
536,000410.jpg,0.552631579,0.737820381,train, iran
537,000411.jpg,0.552631579,0.608949708,train, iran
538,000412.jpg,0.552631579,0.598307242,train, iran
574,000413.jpg,0.5,0.449990473,train, iran
575,000414.jpg,0.5,0.424000504,train, iran
576,000415.jpg,0.5,0.749105409,train, iran
577,000416.jpg,0.5,0.450789623,train, iran
567,000417.jpg,0.513513514,0.842554586,train, iran
568,000418.jpg,0.513513514,0.628623238,train, iran
569,000419.jpg,0.513513514,0.580444912,train, iran
570,000420.jpg,0.513513514,0.434974411,train, iran
571,000421.jpg,0.513513514,0.653318913,train, iran
572,000422.jpg,0.513513514,0.435224631,train, iran
546,000423.jpg,0.538461538,0.744169923,train, iran
547,000424.jpg,0.538461538,0.496012342,train, iran
524,000425.jpg,0.581395349,0.702664789,train, iran
587,000426.jpg,0.485714286,0.431509955,train, iran
588,000427.jpg,0.485714286,0.369820768,train, iran
589,000428.jpg,0.485714286,0.383453619,train, iran
590,000429.jpg,0.485714286,0.421532322,train, iran
591,000430.jpg,0.485714286,0.270371783,train, iran
592,000431.jpg,0.485714286,0.73718855,train, iran
593,000432.jpg,0.485714286,0.24977682,train, iran
586,000433.jpg,0.486486486,0.698603786,train, iran
578,000434.jpg,0.5,0.572571181,train, iran
579,000435.jpg,0.5,0.433685284,train, iran
580,000436.jpg,0.5,0.498814244,train, iran
558,000437.jpg,0.525,0.540585482,train, iran
559,000438.jpg,0.525,0.411933935,train, iran
597,000439.jpg,0.472222222,0.595428321,train, iran
598,000440.jpg,0.472222222,0.650349878,train, iran
599,000441.jpg,0.472222222,0.612413489,train, iran
600,000442.jpg,0.472222222,0.399513374,train, iran
601,000443.jpg,0.472222222,0.480352594,train, iran
583,000444.jpg,0.487179487,0.831772185,train, iran
584,000445.jpg,0.487179487,0.611162742,train, iran
585,000446.jpg,0.487179487,0.700183673,train, iran
573,000447.jpg,0.512195122,0.672686387,train, iran
610,000448.jpg,0.459459459,0.433036948,train, iran
611,000449.jpg,0.459459459,0.507805851,train, iran
612,000450.jpg,0.459459459,0.501248075,train, iran
613,000451.jpg,0.459459459,0.559354594,train, iran
614,000452.jpg,0.459459459,0.510849216,train, iran
615,000453.jpg,0.459459459,0.387336999,train, iran
594,000454.jpg,0.475,0.965907324,train, iran
595,000455.jpg,0.475,0.702901844,train, iran
596,000456.jpg,0.475,0.488967261,train, iran
620,000457.jpg,0.447368421,0.561575903,train, iran
621,000458.jpg,0.447368421,0.647547462,train, iran
622,000459.jpg,0.447368421,0.727379907,train, iran
623,000460.jpg,0.447368421,0.402297834,train, iran
624,000461.jpg,0.447368421,0.457271847,train, iran
605,000462.jpg,0.463414634,0.288645885,train, iran
606,000463.jpg,0.463414634,0.513198047,train, iran
607,000464.jpg,0.463414634,0.370242292,train, iran
608,000465.jpg,0.463414634,0.479333573,train, iran
609,000466.jpg,0.463414634,0.667792632,train, iran
581,000467.jpg,0.488372093,0.572443923,train, iran
582,000468.jpg,0.488372093,0.629417965,train, iran
625,000469.jpg,0.435897436,0.678255571,train, iran
626,000470.jpg,0.435897436,0.73526729,train, iran
627,000471.jpg,0.435897436,0.619955196,train, iran
616,000472.jpg,0.452380952,0.285444913,train, iran
617,000473.jpg,0.452380952,0.43468688,train, iran
618,000474.jpg,0.452380952,0.547696324,train, iran
619,000475.jpg,0.452380952,0.765054271,train, iran
629,000476.jpg,0.425,0.522612861,train, iran
630,000477.jpg,0.425,0.553173985,train, iran
631,000478.jpg,0.425,0.329758948,train, iran
603,000479.jpg,0.466666667,0.498951292,train, iran
604,000480.jpg,0.466666667,0.357715016,train, iran
633,000481.jpg,0.414634146,0.367992003,train, iran
634,000482.jpg,0.414634146,0.434069075,train, iran
635,000483.jpg,0.414634146,0.462123609,train, iran
628,000484.jpg,0.431818182,0.55082786,train, iran
636,000485.jpg,0.404761905,0.385487196,train, iran
637,000486.jpg,0.404761905,0.61920591,train, iran
632,000487.jpg,0.422222222,0.4760304,train, iran
602,000488.jpg,0.469387755,0.613298493,train, iran
639,000489.jpg,0.395348837,0.334421241,train, iran
640,000490.jpg,0.395348837,0.48159323,train, iran
641,000491.jpg,0.395348837,0.435851508,train, iran
643,000492.jpg,0.386363636,0.680597706,train, iran
644,000493.jpg,0.386363636,0.856068958,train, iran
645,000494.jpg,0.377777778,0.835687173,train, iran
646,000495.jpg,0.369565217,0.24389224,train, iran
647,000496.jpg,0.369565217,0.321376383,train, iran
648,000497.jpg,0.369565217,0.757827704,train, iran
642,000498.jpg,0.387755102,0.328555746,train, iran
650,000499.jpg,0.361702128,0.858362115,train, iran
638,000500.jpg,0.403846154,0.590669436,train, iran
651,000501.jpg,0.354166667,0.544572546,train, iran
649,000502.jpg,0.365384615,0.60712918,train, iran