,image,real,prediction
0,0002.jpg,0.708333333,0.6656657277163724
1,0003.jpg,0.703703704,0.9019056549339786
2,0004.jpg,0.703703704,0.7867998974982687
3,0008.jpg,0.7,0.9389665390661006
4,0005.jpg,0.68,1.0017601273507029
5,0006.jpg,0.678571429,0.6139619900987572
6,0007.jpg,0.678571429,0.5863173445747768
7,00011.jpg,0.677419355,0.8647706293173825
8,00017.jpg,0.676470588,0.5788991762785101
9,00026.jpg,0.657142857,0.8348410801189295
10,00016.jpg,0.65625,0.573759005202104
11,0009.jpg,0.653846154,0.702893628373909
12,00010.jpg,0.653846154,0.6925380452448511
13,00025.jpg,0.636363636,0.8071143940178253
14,00015.jpg,0.633333333,1.038147918874967
15,00014.jpg,0.633333333,0.8685036748914906
16,00013.jpg,0.62962963,0.7378545330471804
17,00012.jpg,0.62962963,0.8702612646361448
18,00031.jpg,0.617647059,0.7390312011259149
19,00024.jpg,0.612903226,0.7759234990662023
20,00018.jpg,0.607142857,0.6188550548553161
21,00023.jpg,0.607142857,0.5726339969854052
22,00019.jpg,0.607142857,0.9170793053200175
23,00021.jpg,0.607142857,0.6267353278610298
24,00022.jpg,0.607142857,0.8066240603759477
25,00020.jpg,0.607142857,0.9251099304957465
26,00038.jpg,0.6,0.8111496783042084
27,00039.jpg,0.6,0.6419709263109379
28,00040.jpg,0.6,0.8838894913583729
29,00037.jpg,0.6,0.9374394113091441
30,00030.jpg,0.59375,0.8090634090837442
31,00060.jpg,0.58974359,0.757903211012573
32,00029.jpg,0.586206897,0.8088581504546104
33,00027.jpg,0.586206897,0.6878168052261716
34,00028.jpg,0.586206897,0.9232927059350773
35,00051.jpg,0.583333333,0.8294761617746773
36,00034.jpg,0.575757576,0.6581666571868514
37,00035.jpg,0.575757576,0.793656911019077
38,00036.jpg,0.575757576,0.7971311080569055
39,00058.jpg,0.567567568,0.6093183181219651
40,00059.jpg,0.567567568,0.9207561943456873
41,00032.jpg,0.566666667,0.8436145563198556
42,00033.jpg,0.566666667,0.8820570725883724
43,00087.jpg,0.56097561,0.9504427763684756
44,00047.jpg,0.558823529,0.8182483196069376
45,00042.jpg,0.558823529,0.8037885847426268
46,00043.jpg,0.558823529,0.8091861329564715
47,00050.jpg,0.558823529,0.7138014310020883
48,00049.jpg,0.558823529,1.0566328425307752
49,00046.jpg,0.558823529,0.756736925376001
50,00048.jpg,0.558823529,0.8240427128994776
51,00045.jpg,0.558823529,0.8802948089951885
52,00044.jpg,0.558823529,0.7441773846053358
53,00041.jpg,0.558823529,1.0764341800642225
54,00075.jpg,0.552631579,0.8932586503902561
55,00078.jpg,0.552631579,0.8990720778778084
56,00076.jpg,0.552631579,0.850728553633157
57,00074.jpg,0.552631579,0.834190072360473
58,00077.jpg,0.552631579,0.7696780791643991
59,000101.jpg,0.547619048,0.6310177795608327
60,00055.jpg,0.542857143,0.7970515483934204
61,00053.jpg,0.542857143,0.5919811889985771
62,00057.jpg,0.542857143,0.5482265919428533
63,00056.jpg,0.542857143,0.7515638799282061
64,00054.jpg,0.542857143,0.7441658707844678
65,00086.jpg,0.538461538,0.3364796798069068
66,00052.jpg,0.53125,0.8182426773229252
67,00066.jpg,0.527777778,0.7684827305441659
68,00072.jpg,0.527777778,0.8452225938150233
69,00069.jpg,0.527777778,0.7698075275054318
70,00071.jpg,0.527777778,0.7287172346540424
71,00070.jpg,0.527777778,0.6966166681311348
72,00073.jpg,0.527777778,0.8004806789540465
73,00067.jpg,0.527777778,0.8257455236245794
74,00068.jpg,0.527777778,1.053514517935746
75,000100.jpg,0.525,0.6952878008126547
76,00099.jpg,0.525,0.8216926558840292
77,00063.jpg,0.515151515,1.046958151301798
78,00061.jpg,0.515151515,0.9084071789038773
79,00065.jpg,0.515151515,0.748961733162941
80,00062.jpg,0.515151515,0.6736272756454791
81,00064.jpg,0.515151515,0.8849131392717302
82,00081.jpg,0.513513514,0.6723013084837697
83,00082.jpg,0.513513514,0.8288007712839107
84,00083.jpg,0.513513514,0.8920674478475067
85,00085.jpg,0.513513514,0.9626333272600184
86,00084.jpg,0.513513514,0.8551199137682373
87,000109.jpg,0.512195122,0.699719533376557
88,000123.jpg,0.511111111,1.0314912236955744
89,00098.jpg,0.5,0.6538581022714838
90,00079.jpg,0.5,0.8419922788675555
91,000114.jpg,0.5,0.7358216031601019
92,00096.jpg,0.5,0.7647456804296514
93,00080.jpg,0.5,0.6210945718171476
94,00097.jpg,0.5,0.9267147180081441
95,000107.jpg,0.487179487,0.6998019376971458
96,000108.jpg,0.487179487,0.974836955662434
97,000106.jpg,0.487179487,0.8713746266471838
98,00091.jpg,0.485714286,0.8776094208399781
99,00089.jpg,0.485714286,0.759917612290206
100,00092.jpg,0.485714286,0.7859100130068362
101,00095.jpg,0.485714286,0.9491236342589678
102,00093.jpg,0.485714286,0.767292477855915
103,00088.jpg,0.485714286,0.8176200779731789
104,00090.jpg,0.485714286,0.9459040654615168
105,00094.jpg,0.485714286,0.6747147610682236
106,000130.jpg,0.477272727,0.9755753921388441
107,000111.jpg,0.475,0.7374543886464101
108,000112.jpg,0.475,0.7332977913943056
109,000113.jpg,0.475,0.6817003473933406
110,000103.jpg,0.472222222,0.7059390917416777
111,000105.jpg,0.472222222,0.7433772158172964
112,000102.jpg,0.472222222,0.8555273658585193
113,000104.jpg,0.472222222,0.7268264048535505
114,000122.jpg,0.463414634,0.5278292955979211
115,000120.jpg,0.463414634,0.6258036146985219
116,000121.jpg,0.463414634,0.7664638420408812
117,000110.jpg,0.459459459,0.7564166303926688
118,000141.jpg,0.456521739,0.7162957748194274
119,000128.jpg,0.452380952,0.751322087806576
120,000129.jpg,0.452380952,0.620800672297676
121,000116.jpg,0.447368421,0.729832875475006
122,000117.jpg,0.447368421,0.7676911177501745
123,000115.jpg,0.447368421,0.8759174686241867
124,000118.jpg,0.447368421,1.0718055222264462
125,000119.jpg,0.447368421,0.7467312255687918
126,000135.jpg,0.441860465,0.8524226299322848
127,000134.jpg,0.441860465,0.8574719442839377
128,000125.jpg,0.435897436,1.1929156589504661
129,000124.jpg,0.435897436,0.9786527460588792
130,000126.jpg,0.435897436,0.8436284352983917
131,000127.jpg,0.435897436,0.9390775463237835
132,000140.jpg,0.431818182,0.5590624709960004
133,000133.jpg,0.425,0.8903565596778912
134,000131.jpg,0.425,0.7183486510615212
135,000132.jpg,0.425,0.6933687017263163
136,000159.jpg,0.42,0.7309924929112931
137,0001.jpg,0.416666667,1.0213835342340674
138,000139.jpg,0.414634146,0.7427563132555526
139,000137.jpg,0.414634146,0.7265789251271829
140,000138.jpg,0.414634146,0.7628515213943954
141,000136.jpg,0.414634146,0.8036755942852527
142,000150.jpg,0.413043478,0.6349949466069927
143,000149.jpg,0.413043478,0.6783033944819411
144,000148.jpg,0.413043478,0.7183580340618013
145,000143.jpg,0.404761905,0.5193817493121751
146,000144.jpg,0.404761905,0.6578258486841337
147,000142.jpg,0.404761905,0.8423732941489476
148,000145.jpg,0.404761905,0.7806950779984243
149,000163.jpg,0.396226415,0.7567974764548002
150,000146.jpg,0.395348837,0.7335143245888298
151,000147.jpg,0.395348837,0.7775677257426703
152,000153.jpg,0.386363636,0.6089893225668651
153,000151.jpg,0.386363636,1.031872712673183
154,000152.jpg,0.386363636,0.5715297660320118
155,000161.jpg,0.38,0.8563907485825608
156,000158.jpg,0.377777778,0.6861769027727045
157,000155.jpg,0.377777778,0.7679145556139323
158,000154.jpg,0.377777778,0.840338826012772
159,000156.jpg,0.377777778,0.8562274487111398
160,000157.jpg,0.377777778,0.6905902673533344
161,000160.jpg,0.369565217,0.7757756610153701
162,000162.jpg,0.354166667,0.7940213913386556
163,000164.jpg,0.346938776,0.8211937791355225
164,000165.jpg,0.326923077,0.7101389364939844
165,000166.jpg,0.269230769,1.0624195558943101
166,000167.jpg,0.76,0.8775070309417624
167,000168.jpg,0.724137931,0.8546745446443691
168,000172.jpg,0.7,0.7972542394623892
169,000169.jpg,0.68,0.6086654058433735
170,000170.jpg,0.678571429,1.0185372272547415
171,000171.jpg,0.678571429,0.626319549168481
172,000179.jpg,0.677419355,0.7614937441294107
173,000180.jpg,0.677419355,0.7683575029893783
174,000181.jpg,0.677419355,0.84087608595461
175,000190.jpg,0.657142857,0.6487847376190686
176,000174.jpg,0.655172414,0.9682544844116465
177,000178.jpg,0.655172414,0.5630943058803154
178,000176.jpg,0.655172414,0.8061287482417328
179,000175.jpg,0.655172414,0.9171237928351506
180,000177.jpg,0.655172414,0.8817252129345847
181,000173.jpg,0.653846154,0.775821470093155
182,000183.jpg,0.633333333,0.8931804051195902
183,000182.jpg,0.633333333,0.950647914082074
184,000195.jpg,0.617647059,0.9027800207568675
185,000196.jpg,0.617647059,1.0338235570259329
186,000189.jpg,0.612903226,0.773119615254913
187,000188.jpg,0.612903226,0.883433832675573
188,000187.jpg,0.612903226,0.9055932726433844
189,000186.jpg,0.612903226,1.1557327132444448
190,000184.jpg,0.607142857,0.8280521342949279
191,000185.jpg,0.607142857,0.9696237620243345
192,000193.jpg,0.59375,0.7252523254683315
193,000194.jpg,0.59375,0.8562248787456365
194,000192.jpg,0.59375,0.8361820120471186
195,000225.jpg,0.58974359,0.9835296029397311
196,000191.jpg,0.586206897,0.7054351494037767
197,000212.jpg,0.583333333,0.9241754981258654
198,000211.jpg,0.583333333,0.6584926439120082
199,000200.jpg,0.575757576,1.3876976249628923
200,000202.jpg,0.575757576,0.7550721343023564
201,000201.jpg,0.575757576,0.9207111498283658
202,000199.jpg,0.575757576,0.8104482030877528
203,000203.jpg,0.575757576,0.7457882851859943
204,000204.jpg,0.575757576,0.6382451193486947
205,000240.jpg,0.575,0.4780070249639634
206,000224.jpg,0.567567568,0.8758259226119202
207,000198.jpg,0.566666667,0.6686552111988858
208,000197.jpg,0.566666667,1.084378193668738
209,000209.jpg,0.558823529,0.9531632536794047
210,000210.jpg,0.558823529,0.8256028825494776
211,000208.jpg,0.558823529,0.984563157585008
212,000238.jpg,0.552631579,0.8793846930868638
213,000237.jpg,0.552631579,0.9567339679842479
214,000236.jpg,0.552631579,0.8032303497269773
215,000239.jpg,0.552631579,0.7257073005918613
216,000207.jpg,0.548387097,0.6179165577434328
217,000205.jpg,0.548387097,1.0394552053454515
218,000206.jpg,0.548387097,0.9435957610488186
219,000219.jpg,0.542857143,0.5711627967711667
220,000223.jpg,0.542857143,0.7229323713591851
221,000222.jpg,0.542857143,0.9940724979130786
222,000221.jpg,0.542857143,0.7660492622287284
223,000220.jpg,0.542857143,0.7985344989096944
224,000252.jpg,0.538461538,0.6288908527279186
225,000218.jpg,0.53125,0.8232937786873852
226,000213.jpg,0.53125,0.6159968193516984
227,000216.jpg,0.53125,0.5697715992382562
228,000214.jpg,0.53125,0.8344510832577454
229,000217.jpg,0.53125,0.8404416137208373
230,000215.jpg,0.53125,0.8078138583819878
231,000233.jpg,0.527777778,0.7688781733444336
232,000235.jpg,0.527777778,0.7114137120150088
233,000230.jpg,0.527777778,0.9302643427127761
234,000231.jpg,0.527777778,1.0148124906160885
235,000234.jpg,0.527777778,0.9547085466627407
236,000232.jpg,0.527777778,1.226578747044221
237,000258.jpg,0.525,0.860856782479011
238,000257.jpg,0.525,0.7141222967538137
239,000228.jpg,0.515151515,0.5973159395630246
240,000229.jpg,0.515151515,0.798606260649189
241,000226.jpg,0.515151515,0.7879121451401732
242,000227.jpg,0.515151515,0.6837729207356987
243,000250.jpg,0.513513514,1.0248117028009707
244,000251.jpg,0.513513514,0.7990269066799442
245,000249.jpg,0.513513514,0.7910716032651612
246,000270.jpg,0.512195122,0.8750214934252489
247,000289.jpg,0.511111111,0.8264799699021276
248,000247.jpg,0.5,0.8118349671882378
249,000246.jpg,0.5,0.9035198899221335
250,000276.jpg,0.5,0.7918591381445901
251,000244.jpg,0.5,0.6895874716375548
252,000255.jpg,0.5,0.7774328828881086
253,000242.jpg,0.5,0.791199973885561
254,000241.jpg,0.5,0.8305434467855486
255,000277.jpg,0.5,0.8494611695636115
256,000256.jpg,0.5,0.7822431442697251
257,000248.jpg,0.5,0.666385682526366
258,000245.jpg,0.5,0.7664236283985442
259,000243.jpg,0.5,0.8406148612771173
260,000268.jpg,0.487179487,0.7160123545455739
261,000267.jpg,0.487179487,0.833817460951788
262,000269.jpg,0.487179487,0.9863314859947879
263,000266.jpg,0.487179487,0.7857815631326838
264,000265.jpg,0.487179487,0.8252758850072444
265,000253.jpg,0.485714286,1.0807337456072967
266,000254.jpg,0.485714286,0.6818049656226681
267,000294.jpg,0.477272727,0.9246776257861891
268,000274.jpg,0.475,0.8879918357854019
269,000275.jpg,0.475,0.843362663206878
270,000263.jpg,0.472222222,0.9220661234433206
271,000259.jpg,0.472222222,0.8639117238035354
272,000260.jpg,0.472222222,0.757162565408004
273,000261.jpg,0.472222222,0.6807839120857117
274,000264.jpg,0.472222222,0.9916154543344945
275,000262.jpg,0.472222222,1.1765601795611338
276,000304.jpg,0.466666667,0.7599734064224315
277,000302.jpg,0.466666667,0.8087359494237568
278,000301.jpg,0.466666667,0.9895593121219732
279,000303.jpg,0.466666667,0.846218161078681
280,000287.jpg,0.463414634,0.6566763743392734
281,000288.jpg,0.463414634,1.1762391261184058
282,000286.jpg,0.463414634,0.5377145120973728
283,000285.jpg,0.463414634,0.8913004492991918
284,000273.jpg,0.459459459,0.9586144822539092
285,000272.jpg,0.459459459,0.9543863167388926
286,000271.jpg,0.459459459,0.8939061133580499
287,000310.jpg,0.456521739,0.9499133234659957
288,000309.jpg,0.456521739,0.9175758498631545
289,000293.jpg,0.452380952,0.8740617315815296
290,000278.jpg,0.447368421,0.7119800491830857
291,000279.jpg,0.447368421,1.091561201304852
292,000281.jpg,0.447368421,0.7316566922118092
293,000284.jpg,0.447368421,0.6573017447096715
294,000283.jpg,0.447368421,0.6956282150998173
295,000282.jpg,0.447368421,0.7246721646241837
296,000280.jpg,0.447368421,0.7714579339315911
297,000327.jpg,0.442307692,0.8480071678565488
298,000300.jpg,0.441860465,0.9326949506002767
299,000291.jpg,0.435897436,0.6933365416475579
300,000292.jpg,0.435897436,0.6633280270090219
301,000290.jpg,0.435897436,0.9560535725656167
302,000308.jpg,0.431818182,0.714770223257493
303,000324.jpg,0.428571429,0.806389570220269
304,000299.jpg,0.425,0.8401902106559542
305,000298.jpg,0.425,0.6804106859435164
306,000297.jpg,0.425,0.8739007384823108
307,000296.jpg,0.425,0.9641774099233263
308,000295.jpg,0.425,0.8647635854330813
309,000313.jpg,0.422222222,0.6987227238670523
310,000314.jpg,0.422222222,0.8469096257465923
311,000315.jpg,0.422222222,0.6960678321173046
312,000305.jpg,0.414634146,0.5836523816327277
313,000306.jpg,0.414634146,1.089704013617152
314,000307.jpg,0.414634146,0.7144015634419065
315,000321.jpg,0.413043478,0.6992758613746884
316,000312.jpg,0.404761905,0.8938314194847591
317,000311.jpg,0.404761905,0.8953855822621533
318,000326.jpg,0.395833333,0.6975995810486011
319,000320.jpg,0.395348837,0.7263695850969559
320,000318.jpg,0.395348837,0.6458176429733743
321,000319.jpg,0.395348837,0.920960827031982
322,000317.jpg,0.395348837,0.8521809324447474
323,000316.jpg,0.395348837,0.8160773285163254
324,000330.jpg,0.387755102,0.7937290621365344
325,000323.jpg,0.386363636,0.8878954484429875
326,000322.jpg,0.386363636,0.7113583516609726
327,000325.jpg,0.377777778,0.6788985547199745
328,000329.jpg,0.369565217,0.7280402238786955
329,000328.jpg,0.369565217,0.9400316071921134
330,000331.jpg,0.346938776,0.8183974074651309
331,000332.jpg,0.314814815,0.7579546332782815
332,000333.jpg,0.85,0.3997291570094048
333,000334.jpg,0.777777778,0.8520508601687775
334,000336.jpg,0.75,0.8149622241732223
335,000335.jpg,0.730769231,0.8463695270739973
336,000337.jpg,0.724137931,0.6952622394099254
337,000338.jpg,0.724137931,1.0042994724610288
338,000341.jpg,0.7,0.6048978165027299
339,000343.jpg,0.696969697,0.854244429884542
340,000339.jpg,0.678571429,0.7391482128799363
341,000340.jpg,0.678571429,0.8425468755701039
342,000349.jpg,0.676470588,0.557701859071505
343,000342.jpg,0.655172414,0.7294459198487654
344,000354.jpg,0.636363636,0.47712862291723485
345,000347.jpg,0.633333333,0.6822293750642017
346,000348.jpg,0.633333333,0.4541570068247224
347,000344.jpg,0.62962963,0.7461532434643987
348,000345.jpg,0.62962963,0.5705211369683403
349,000346.jpg,0.62962963,0.6434717809161091
350,000372.jpg,0.621621622,0.48012405043793516
351,000373.jpg,0.621621622,0.6476274309721498
352,000374.jpg,0.621621622,0.7046612821133736
353,000351.jpg,0.612903226,0.5852844531115047
354,000352.jpg,0.612903226,0.7500814295607615
355,000353.jpg,0.612903226,0.7024715950355103
356,000350.jpg,0.607142857,0.5304172347385018
357,000370.jpg,0.6,0.9907265569900826
358,000371.jpg,0.6,0.6207878678283404
359,000359.jpg,0.59375,0.9295382728397232
360,000360.jpg,0.59375,0.7971839729724455
361,000361.jpg,0.59375,0.7295775336378995
362,000362.jpg,0.59375,0.8554887546676522
363,000363.jpg,0.59375,0.523145355203424
364,000364.jpg,0.59375,0.8592209111593285
365,000397.jpg,0.58974359,0.788878306063907
366,000355.jpg,0.586206897,1.1587926121525924
367,000356.jpg,0.586206897,0.8981602417618978
368,000357.jpg,0.586206897,0.8321977348698304
369,000358.jpg,0.586206897,0.9151941218046412
370,000380.jpg,0.583333333,0.659102038754743
371,000381.jpg,0.583333333,0.8739078067274287
372,000382.jpg,0.583333333,0.7399261103803234
373,000383.jpg,0.583333333,0.9423240793047797
374,000425.jpg,0.581395349,0.6836267311279023
375,000365.jpg,0.575757576,0.9107984421692696
376,000366.jpg,0.575757576,0.6291778718105284
377,000367.jpg,0.575757576,0.8367304359062898
378,000368.jpg,0.575757576,0.4651475034764605
379,000369.jpg,0.575757576,0.8652738959152466
380,000395.jpg,0.567567568,1.0462118137749739
381,000396.jpg,0.567567568,0.6480576371529573
382,000377.jpg,0.558823529,0.8104992262250112
383,000378.jpg,0.558823529,0.7834702850625928
384,000379.jpg,0.558823529,0.6305266010836728
385,000409.jpg,0.552631579,0.7204419946794477
386,000410.jpg,0.552631579,0.901100135537686
387,000411.jpg,0.552631579,0.6811251076248966
388,000412.jpg,0.552631579,0.8225906056648616
389,000375.jpg,0.548387097,0.8107466859983794
390,000376.jpg,0.548387097,0.7002219841169444
391,000390.jpg,0.542857143,0.8205269933822684
392,000391.jpg,0.542857143,0.9103388921246909
393,000392.jpg,0.542857143,0.6605706067617616
394,000393.jpg,0.542857143,0.7287963550578911
395,000394.jpg,0.542857143,0.8381889075652231
396,000423.jpg,0.538461538,1.0856979031039686
397,000424.jpg,0.538461538,0.820128242269245
398,000384.jpg,0.53125,0.7260993125165788
399,000385.jpg,0.53125,0.8562835990413635
400,000386.jpg,0.53125,0.6798918749273831
401,000387.jpg,0.53125,0.7956621229206009
402,000388.jpg,0.53125,0.8235173738931044
403,000389.jpg,0.53125,0.7465256084752019
404,000405.jpg,0.527777778,0.8052908502371408
405,000406.jpg,0.527777778,0.5234955637903719
406,000407.jpg,0.527777778,0.8615850120418141
407,000408.jpg,0.527777778,1.0286493772028917
408,000437.jpg,0.525,0.8052999283376138
409,000438.jpg,0.525,0.9487629172141464
410,000398.jpg,0.515151515,0.7320371482765097
411,000399.jpg,0.515151515,0.5213184345021904
412,000400.jpg,0.515151515,0.6245729878609926
413,000401.jpg,0.515151515,0.783157982250934
414,000402.jpg,0.515151515,0.3169018319659484
415,000403.jpg,0.515151515,0.5889572148863038
416,000404.jpg,0.515151515,0.5645081113301272
417,000417.jpg,0.513513514,0.6152823927883276
418,000418.jpg,0.513513514,0.6901191268047863
419,000419.jpg,0.513513514,0.4205776835827485
420,000420.jpg,0.513513514,0.837611284568929
421,000421.jpg,0.513513514,0.6366085199430123
422,000422.jpg,0.513513514,0.7801668218933776
423,000447.jpg,0.512195122,0.6771256444032134
424,000413.jpg,0.5,0.660990659943216
425,000414.jpg,0.5,0.8633787563614725
426,000415.jpg,0.5,0.5717586276049549
427,000416.jpg,0.5,1.1504658252914484
428,000434.jpg,0.5,0.774670506745688
429,000435.jpg,0.5,0.5784058701518746
430,000436.jpg,0.5,0.5689923940125481
431,000467.jpg,0.488372093,0.5491250928607609
432,000468.jpg,0.488372093,0.8082601897708303
433,000444.jpg,0.487179487,0.740166027705822
434,000445.jpg,0.487179487,0.7927088753136798
435,000446.jpg,0.487179487,0.8145093398831423
436,000433.jpg,0.486486486,0.9147895815906959
437,000426.jpg,0.485714286,0.6259210277740938
438,000427.jpg,0.485714286,0.6161118340798573
439,000428.jpg,0.485714286,0.8065155887449039
440,000429.jpg,0.485714286,0.5748680306495375
441,000430.jpg,0.485714286,0.6169397270287944
442,000431.jpg,0.485714286,0.775013316397209
443,000432.jpg,0.485714286,0.6657105553896042
444,000454.jpg,0.475,0.7082772729293589
445,000455.jpg,0.475,0.744730559857874
446,000456.jpg,0.475,1.051302070574273
447,000439.jpg,0.472222222,0.6953762262640388
448,000440.jpg,0.472222222,0.9293112140813442
449,000441.jpg,0.472222222,0.7320056204608737
450,000442.jpg,0.472222222,0.7026734208265414
451,000443.jpg,0.472222222,0.7014889414345661
452,000488.jpg,0.469387755,0.9145624052615078
453,000479.jpg,0.466666667,0.645872285559286
454,000480.jpg,0.466666667,0.7706395454882625
455,000462.jpg,0.463414634,1.1665084598970235
456,000463.jpg,0.463414634,0.6297997401088979
457,000464.jpg,0.463414634,0.6065709450925489
458,000465.jpg,0.463414634,0.6921830415679612
459,000466.jpg,0.463414634,0.8587692075973798
460,000448.jpg,0.459459459,0.696870425898017
461,000449.jpg,0.459459459,0.7612800494020332
462,000450.jpg,0.459459459,0.9594264218908707
463,000451.jpg,0.459459459,0.7861565499937652
464,000452.jpg,0.459459459,0.8022617868116146
465,000453.jpg,0.459459459,0.7722830066614162
466,000472.jpg,0.452380952,0.69581451885848
467,000473.jpg,0.452380952,0.7828878429105808
468,000474.jpg,0.452380952,0.9980028507037825
469,000475.jpg,0.452380952,0.7000255097631954
470,000457.jpg,0.447368421,0.7843998141111366
471,000458.jpg,0.447368421,0.6736606234927823
472,000459.jpg,0.447368421,0.6799169723594699
473,000460.jpg,0.447368421,0.9101676575185945
474,000461.jpg,0.447368421,0.7739525388031663
475,000469.jpg,0.435897436,0.6154749905913413
476,000470.jpg,0.435897436,0.6656154979038755
477,000471.jpg,0.435897436,0.621084111423954
478,000484.jpg,0.431818182,1.038167738464916
479,000476.jpg,0.425,0.6815625283822554
480,000477.jpg,0.425,0.8983908337276372
481,000478.jpg,0.425,0.7015991961196733
482,000487.jpg,0.422222222,0.743359637958407
483,000481.jpg,0.414634146,0.5740920733920161
484,000482.jpg,0.414634146,0.8975735571650304
485,000483.jpg,0.414634146,0.5671073747713183
486,000485.jpg,0.404761905,0.5064857344973493
487,000486.jpg,0.404761905,0.7471177466786997
488,000500.jpg,0.403846154,0.7502882868508708
489,000489.jpg,0.395348837,1.0338000008759025
490,000490.jpg,0.395348837,0.7870348098145555
491,000491.jpg,0.395348837,0.6797244027730511
492,000498.jpg,0.387755102,0.864787867434135
493,000492.jpg,0.386363636,1.1964359099537951
494,000493.jpg,0.386363636,0.901127550342414
495,000494.jpg,0.377777778,0.7851647816368009
496,000495.jpg,0.369565217,0.721746170395877
497,000496.jpg,0.369565217,0.6221229020173483
498,000497.jpg,0.369565217,0.9210978987843486
499,000502.jpg,0.365384615,0.8221937062203728
500,000499.jpg,0.361702128,0.8389406182132825
501,000501.jpg,0.354166667,0.9231881908643207
502,000503.jpg,0.882352941,0.4653175195893426
503,000504.jpg,0.80952381,0.6498976266521937
504,000505.jpg,0.793103448,0.5734809459616343
505,000506.jpg,0.739130435,0.46033991949936137
506,000509.jpg,0.724137931,0.48758161165355735
507,000510.jpg,0.724137931,0.4377549083355072
508,000508.jpg,0.708333333,0.6280274209328272
509,000507.jpg,0.708333333,0.5177590595374741
510,000513.jpg,0.7,0.6657615302199129
511,000511.jpg,0.68,0.49153490426234414
512,000512.jpg,0.678571429,0.6982178220010349
513,000519.jpg,0.65625,0.589533923728427
514,000514.jpg,0.655172414,0.6900296946782476
515,000518.jpg,0.633333333,0.6557543002094919
516,000517.jpg,0.633333333,0.6705129134542818
517,000516.jpg,0.62962963,0.5285916240476797
518,000515.jpg,0.62962963,0.8125255199807238
519,000533.jpg,0.617647059,0.42750709789813107
520,000535.jpg,0.617647059,0.8423696672717709
521,000534.jpg,0.617647059,0.5712280290394514
522,000532.jpg,0.617647059,0.3337957024700662
523,000523.jpg,0.612903226,0.9384465099855934
524,000526.jpg,0.612903226,0.5236417906671633
525,000524.jpg,0.612903226,0.33483655635018283
526,000525.jpg,0.612903226,0.8235759523289654
527,000522.jpg,0.607142857,0.44756129112628007
528,000520.jpg,0.607142857,0.4426123173881765
529,000521.jpg,0.607142857,0.6152893047127964
530,000553.jpg,0.605263158,0.638165953020971
531,000540.jpg,0.6,0.5740145479410339
532,000531.jpg,0.59375,0.6170539092378731
533,000563.jpg,0.58974359,0.811374415943663
534,000529.jpg,0.586206897,0.6162063854083584
535,000527.jpg,0.586206897,0.5674362123912673
536,000528.jpg,0.586206897,0.6245727303982539
537,000530.jpg,0.586206897,0.6245266509747418
538,000552.jpg,0.583333333,0.5213713977825386
539,000539.jpg,0.575757576,0.6869098110843204
540,000537.jpg,0.575757576,0.3535914473625084
541,000538.jpg,0.575757576,0.4472753801475327
542,000562.jpg,0.567567568,0.44517177854327866
543,000561.jpg,0.567567568,0.6167051537054455
544,000536.jpg,0.566666667,0.3095083727718415
545,000548.jpg,0.558823529,0.3216646363795717
546,000549.jpg,0.558823529,0.6975919186191486
547,000550.jpg,0.558823529,0.5145281059236616
548,000551.jpg,0.558823529,0.62220657474313
549,000547.jpg,0.548387097,0.7285734819500058
550,000546.jpg,0.548387097,0.6375290669730324
551,000542.jpg,0.548387097,0.5452640343442976
552,000543.jpg,0.548387097,0.7897664104508603
553,000545.jpg,0.548387097,0.6251476796231041
554,000544.jpg,0.548387097,0.6773427952338982
555,000541.jpg,0.548387097,0.49133842306974185
556,000560.jpg,0.542857143,0.4612360996725916
557,000591.jpg,0.538461538,0.42433241020901613
558,000593.jpg,0.538461538,1.1245115426827168
559,000592.jpg,0.538461538,0.8035221808826819
560,000554.jpg,0.53125,0.4887729188891358
561,000556.jpg,0.53125,0.5218289865925866
562,000558.jpg,0.53125,0.43468664162484194
563,000555.jpg,0.53125,0.5412919327492827
564,000557.jpg,0.53125,0.3793798606794117
565,000559.jpg,0.53125,0.4025497051657689
566,000575.jpg,0.527777778,0.7727573314291917
567,000574.jpg,0.527777778,0.44506031446818073
568,000573.jpg,0.527777778,0.6094743850374458
569,000571.jpg,0.527777778,0.7036451902940707
570,000570.jpg,0.527777778,0.4814583191115088
571,000572.jpg,0.527777778,0.7701420523657596
572,000606.jpg,0.525,0.5781206059382094
573,000569.jpg,0.515151515,0.6317040790978822
574,000568.jpg,0.515151515,0.5390189839900731
575,000566.jpg,0.515151515,0.5648893805381117
576,000565.jpg,0.515151515,0.6913281103493829
577,000564.jpg,0.515151515,0.7197317930382023
578,000567.jpg,0.515151515,0.6076536155704249
579,000587.jpg,0.513513514,0.665236274971198
580,000590.jpg,0.513513514,0.5548932529387536
581,000588.jpg,0.513513514,0.43834338030835823
582,000589.jpg,0.513513514,0.9889669895019142
583,000617.jpg,0.512195122,0.5287154368481741
584,000581.jpg,0.5,0.6941844650681787
585,000604.jpg,0.5,0.38481624389064467
586,000582.jpg,0.5,0.5863298068397368
587,000579.jpg,0.5,0.5085631880743915
588,000605.jpg,0.5,0.5615035540145894
589,000583.jpg,0.5,0.663858804866553
590,000603.jpg,0.5,0.5050543663591253
591,000580.jpg,0.5,0.648939497973182
592,000576.jpg,0.5,0.9822080573880665
593,000585.jpg,0.5,0.6852780591795968
594,000577.jpg,0.5,0.5513387877032209
595,000586.jpg,0.5,0.463475722992737
596,000584.jpg,0.5,0.8048045148650438
597,000578.jpg,0.5,0.36025868909662795
598,000602.jpg,0.5,0.3832671210270068
599,000649.jpg,0.489361702,0.6898291746270192
600,000637.jpg,0.488372093,0.6200177853949953
601,000616.jpg,0.487179487,0.2575007559800063
602,000615.jpg,0.487179487,0.4682272575842253
603,000614.jpg,0.487179487,0.633194209834862
604,000595.jpg,0.485714286,0.5739349600709988
605,000599.jpg,0.485714286,0.4657185819842777
606,000601.jpg,0.485714286,0.5121196304674155
607,000598.jpg,0.485714286,0.477042170849912
608,000597.jpg,0.485714286,0.6779694200299878
609,000596.jpg,0.485714286,0.4367563303866637
610,000594.jpg,0.485714286,0.5750367729611248
611,000600.jpg,0.485714286,0.8209543675926321
612,000628.jpg,0.475,0.7521009915612551
613,000627.jpg,0.475,0.35087193489136
614,000629.jpg,0.475,0.5308624583603316
615,000626.jpg,0.475,0.5684543732215322
616,000625.jpg,0.475,0.5755123634206171
617,000607.jpg,0.472222222,0.6237363168130066
618,000608.jpg,0.472222222,0.7638224381558367
619,000609.jpg,0.472222222,0.45810026479833355
620,000611.jpg,0.472222222,0.4201712213707113
621,000613.jpg,0.472222222,0.8240257615461553
622,000610.jpg,0.472222222,0.36611885423572793
623,000612.jpg,0.472222222,0.4548955435138841
624,000648.jpg,0.466666667,0.4751618056081882
625,000632.jpg,0.463414634,0.7903563595379148
626,000635.jpg,0.463414634,0.46957174108543004
627,000633.jpg,0.463414634,0.5264770645462021
628,000634.jpg,0.463414634,0.5536800856016036
629,000636.jpg,0.463414634,0.45210347767421377
630,000624.jpg,0.459459459,0.4361347934109575
631,000618.jpg,0.459459459,0.48064468458276566
632,000620.jpg,0.459459459,0.7727619769557393
633,000622.jpg,0.459459459,0.4216976742927669
634,000621.jpg,0.459459459,0.4560620165879141
635,000623.jpg,0.459459459,0.7089768517497738
636,000619.jpg,0.459459459,0.5803211953933086
637,000654.jpg,0.456521739,0.6067760149176042
638,000644.jpg,0.452380952,0.4520991474256006
639,000664.jpg,0.450980392,0.5044904027153378
640,000631.jpg,0.447368421,0.622123571265243
641,000630.jpg,0.447368421,0.48885183207129557
642,000647.jpg,0.441860465,0.9058242189809576
643,000640.jpg,0.435897436,0.5402777105093655
644,000639.jpg,0.435897436,0.5544094725534418
645,000638.jpg,0.435897436,0.7145315910585752
646,000643.jpg,0.435897436,0.7173296605519623
647,000642.jpg,0.435897436,0.8275278683789332
648,000641.jpg,0.435897436,0.40185146251072995
649,000653.jpg,0.431818182,0.6964146035434893
650,000646.jpg,0.425,0.5260823846542724
651,000645.jpg,0.425,0.6369840002213012
652,000658.jpg,0.422222222,0.5473948482259997
653,000650.jpg,0.414634146,0.5495550160635572
654,000652.jpg,0.414634146,0.6650199633429166
655,000651.jpg,0.414634146,0.5026696791964239
656,000660.jpg,0.413043478,0.847269252155754
657,000655.jpg,0.404761905,0.6800066692020936
658,000656.jpg,0.404761905,0.5961925206809365
659,000657.jpg,0.404761905,0.5186726331643192
660,000662.jpg,0.404255319,0.4502998469726279
661,000663.jpg,0.404255319,0.7833577913350888
662,000659.jpg,0.395348837,0.7046472307535359
663,000661.jpg,0.386363636,0.6758009144732691
664,000666.jpg,0.37254902,0.7314972775452883
665,000665.jpg,0.369565217,0.6435209966633748
666,000667.jpg,0.34,0.5423809377941886
667,000668.jpg,0.333333333,0.30721496649174673
668,000669.jpg,0.913043478,0.8123605952547329
669,000670.jpg,0.884615385,0.387853808576194
670,000671.jpg,0.851851852,0.9650235891200633
671,000672.jpg,0.703703704,0.6926258646226171
672,000673.jpg,0.678571429,0.7076725415222351
673,000674.jpg,0.677419355,0.5782618417057594
674,000683.jpg,0.676470588,0.6663293575397229
675,000682.jpg,0.65625,0.8466581769680569
676,000698.jpg,0.638888889,0.7062590618005664
677,000688.jpg,0.636363636,0.8087267886069709
678,000691.jpg,0.636363636,0.6111010020575737
679,000689.jpg,0.636363636,0.8811143353739315
680,000690.jpg,0.636363636,0.7056682184946574
681,000680.jpg,0.633333333,0.6614949235614396
682,000678.jpg,0.633333333,0.6045060200777729
683,000679.jpg,0.633333333,0.7116038385497946
684,000681.jpg,0.633333333,0.9889580165768997
685,000676.jpg,0.62962963,0.8784538070919263
686,000675.jpg,0.62962963,0.8186562322542912
687,000677.jpg,0.62962963,0.544052962598531
688,000734.jpg,0.627906977,0.7019156117310725
689,000707.jpg,0.621621622,0.6665880049529741
690,000697.jpg,0.617647059,0.9825508983153639
691,000687.jpg,0.607142857,0.702334968234097
692,000686.jpg,0.607142857,0.8976711985392433
693,000685.jpg,0.607142857,0.8351299134328447
694,000684.jpg,0.607142857,0.7755024624776741
695,000706.jpg,0.6,0.7051695860489112
696,000695.jpg,0.59375,0.8324172236160018
697,000693.jpg,0.59375,0.6693891686903838
698,000694.jpg,0.59375,0.6846237392572653
699,000696.jpg,0.59375,0.6304433922796788
700,000692.jpg,0.586206897,0.6898675201369018
701,000719.jpg,0.583333333,0.6515737222762356
702,000718.jpg,0.583333333,0.8310872587193091
703,000720.jpg,0.583333333,0.7660332339804767
704,000701.jpg,0.575757576,0.5645412378669601
705,000702.jpg,0.575757576,0.7915047563300209
706,000704.jpg,0.575757576,0.5392146808342708
707,000703.jpg,0.575757576,0.9677331883090275
708,000705.jpg,0.575757576,0.8363950953655334
709,000733.jpg,0.567567568,0.7743138355212665
710,000700.jpg,0.566666667,0.7406020766089669
711,000699.jpg,0.566666667,0.8493421657093781
712,000714.jpg,0.558823529,0.7177598191802599
713,000715.jpg,0.558823529,0.7785307200823954
714,000717.jpg,0.558823529,0.8496492335795881
715,000716.jpg,0.558823529,0.6724593622484514
716,000742.jpg,0.552631579,0.6208698825726305
717,000743.jpg,0.552631579,0.7718905879513732
718,000744.jpg,0.552631579,0.7618768877328431
719,000711.jpg,0.548387097,0.7924570906974597
720,000713.jpg,0.548387097,0.7373491173496456
721,000708.jpg,0.548387097,0.6833310908637072
722,000709.jpg,0.548387097,0.6734671803923586
723,000712.jpg,0.548387097,0.7225860647774858
724,000710.jpg,0.548387097,1.2108166678605068
725,000730.jpg,0.542857143,0.7174124427922093
726,000727.jpg,0.542857143,0.8645473743422315
727,000731.jpg,0.542857143,0.855536227870852
728,000732.jpg,0.542857143,0.9712976971766729
729,000728.jpg,0.542857143,0.6328598606416226
730,000729.jpg,0.542857143,0.893722333702255
731,000754.jpg,0.538461538,0.7449500454935835
732,000723.jpg,0.53125,0.6960049970694617
733,000724.jpg,0.53125,0.8279520698953442
734,000721.jpg,0.53125,0.7545904386544781
735,000725.jpg,0.53125,0.7275721175214565
736,000722.jpg,0.53125,0.8845390681793707
737,000726.jpg,0.53125,0.6400670684202336
738,000741.jpg,0.527777778,0.5459571558951453
739,000740.jpg,0.527777778,0.8788461756109229
740,000736.jpg,0.515151515,0.6148417864820793
741,000735.jpg,0.515151515,0.8576259404885712
742,000738.jpg,0.515151515,0.7830960532268169
743,000739.jpg,0.515151515,0.7510412059790152
744,000737.jpg,0.515151515,0.5895659761331538
745,000751.jpg,0.513513514,1.0976175994190172
746,000753.jpg,0.513513514,0.8078765317244595
747,000752.jpg,0.513513514,0.8711331501078339
748,000750.jpg,0.513513514,0.6572446642219074
749,000777.jpg,0.512195122,0.9920681458248268
750,000778.jpg,0.512195122,0.882368255038451
751,000747.jpg,0.5,0.5551768706828439
752,000787.jpg,0.5,0.7547834675744578
753,000805.jpg,0.5,0.9274662744963232
754,000745.jpg,0.5,0.6890761433268835
755,000749.jpg,0.5,0.9045100760120751
756,000788.jpg,0.5,0.720050284658666
757,000767.jpg,0.5,1.2723834559038223
758,000748.jpg,0.5,0.8587724524502073
759,000806.jpg,0.5,0.7936794590591333
760,000746.jpg,0.5,0.649262995839336
761,000797.jpg,0.488372093,0.9301914605407078
762,000776.jpg,0.487179487,0.5655897585831318
763,000775.jpg,0.487179487,0.7108007816151207
764,000764.jpg,0.485714286,0.8565631875369066
765,000757.jpg,0.485714286,0.7278366173711573
766,000762.jpg,0.485714286,0.6727006736671186
767,000766.jpg,0.485714286,0.692228408036236
768,000755.jpg,0.485714286,0.7309154871271432
769,000765.jpg,0.485714286,0.7680781239522352
770,000756.jpg,0.485714286,0.6591484348317032
771,000758.jpg,0.485714286,0.8110504869084226
772,000759.jpg,0.485714286,0.8428857053234518
773,000760.jpg,0.485714286,0.8267801655585474
774,000761.jpg,0.485714286,0.613608100800628
775,000763.jpg,0.485714286,0.9609734278100368
776,000784.jpg,0.475,0.537066577693195
777,000785.jpg,0.475,0.6184402425718694
778,000786.jpg,0.475,0.6516289404803742
779,000769.jpg,0.472222222,0.7396188927674443
780,000768.jpg,0.472222222,0.6239743308366699
781,000774.jpg,0.472222222,0.6518091266965571
782,000772.jpg,0.472222222,0.5599457520161442
783,000771.jpg,0.472222222,0.6181375850272837
784,000770.jpg,0.472222222,0.9005956398734309
785,000773.jpg,0.472222222,0.6570628823355472
786,000816.jpg,0.466666667,0.7808141076008032
787,000796.jpg,0.463414634,0.535162245536477
788,000794.jpg,0.463414634,0.6346314397024952
789,000795.jpg,0.463414634,0.6387914703745186
790,000783.jpg,0.459459459,0.6619047270631634
791,000779.jpg,0.459459459,0.8454392620514041
792,000780.jpg,0.459459459,0.9028251654444114
793,000782.jpg,0.459459459,0.8482162225056402
794,000781.jpg,0.459459459,0.7014376576277495
795,000804.jpg,0.452380952,0.7916124042257483
796,000791.jpg,0.447368421,1.0033518928203071
797,000789.jpg,0.447368421,0.43748164696238306
798,000793.jpg,0.447368421,0.6787690734809367
799,000790.jpg,0.447368421,0.4381477224575858
800,000792.jpg,0.447368421,0.6278829004764839
801,000822.jpg,0.446808511,0.8046153384580915
802,000813.jpg,0.441860465,0.8659286097445317
803,000812.jpg,0.441860465,0.5454233757470136
804,000814.jpg,0.441860465,0.8058174667698108
805,000815.jpg,0.441860465,0.7652255745353449
806,000803.jpg,0.435897436,0.779420335702
807,000799.jpg,0.435897436,0.7877479389398343
808,000800.jpg,0.435897436,1.1339482180567124
809,000798.jpg,0.435897436,0.6181056435257827
810,000801.jpg,0.435897436,0.9024355218741353
811,000802.jpg,0.435897436,0.6644828264534036
812,000818.jpg,0.431818182,0.7552895423078866
813,000810.jpg,0.425,0.7229901608372195
814,000811.jpg,0.425,0.7519684895420135
815,000809.jpg,0.425,0.714678136590215
816,000808.jpg,0.425,0.6908149961874757
817,000807.jpg,0.425,0.8793359241863712
818,000817.jpg,0.414634146,0.9066821774125582
819,000821.jpg,0.404761905,0.692748186523213
820,000820.jpg,0.404761905,1.0229581958910094
821,000819.jpg,0.404761905,0.6628007900800973
822,000827.jpg,0.404255319,0.8593548854509621
823,000830.jpg,0.395833333,0.6846997223051996
824,000823.jpg,0.395348837,0.9404485849170463
825,000832.jpg,0.387755102,1.1279822914154534
826,000831.jpg,0.387755102,0.8520358312484331
827,000824.jpg,0.386363636,0.854731847405438
828,000825.jpg,0.386363636,0.7485469546376181
829,000826.jpg,0.386363636,0.8301678737730831
830,000828.jpg,0.377777778,0.8169197807398878
831,000829.jpg,0.377777778,0.6008763679122204
832,000833.jpg,0.333333333,0.5351788297933551
833,000834.jpg,0.320754717,0.7036410861841828
834,000835.jpg,0.904761905,0.468619529080155
835,000836.jpg,0.884615385,1.0462117839863634
836,000837.jpg,0.80952381,0.6746238667887549
837,000838.jpg,0.791666667,0.8177945128562549
838,000839.jpg,0.772727273,0.6608608594101252
839,000844.jpg,0.766666667,0.8019478930930907
840,000840.jpg,0.76,0.8642898117184457
841,000841.jpg,0.739130435,0.6182064090102775
842,000842.jpg,0.739130435,0.6374685230989626
843,000843.jpg,0.730769231,0.8161681879357424
844,000851.jpg,0.71875,0.6698328413117329
845,000845.jpg,0.708333333,0.7126681697852656
846,000846.jpg,0.703703704,0.679315444527813
847,000856.jpg,0.696969697,1.0277235887083795
848,000847.jpg,0.68,0.6900955973730222
849,000848.jpg,0.68,0.9070993518772917
850,000850.jpg,0.678571429,0.7484336615718936
851,000849.jpg,0.678571429,0.5277313019500928
852,000853.jpg,0.655172414,0.41628239556211505
853,000854.jpg,0.655172414,0.6469026501160049
854,000855.jpg,0.655172414,0.5705985617790071
855,000852.jpg,0.653846154,0.6234672995207498
856,000876.jpg,0.638888889,0.9058060667235126
857,000868.jpg,0.636363636,0.42367501830428456
858,000867.jpg,0.636363636,0.9147141531389668
859,000858.jpg,0.633333333,0.7050048575672446
860,000857.jpg,0.633333333,0.9578836551426206
861,000865.jpg,0.612903226,0.47804319591217714
862,000866.jpg,0.612903226,0.38372093026783116
863,000864.jpg,0.612903226,0.7609085001453328
864,000859.jpg,0.607142857,0.5613012661342123
865,000862.jpg,0.607142857,0.6947207206337233
866,000860.jpg,0.607142857,0.9770849446194161
867,000861.jpg,0.607142857,0.6497251492179587
868,000863.jpg,0.607142857,0.8844648459003899
869,000884.jpg,0.6,0.8512382539149368
870,000875.jpg,0.59375,0.4835210255768448
871,000874.jpg,0.59375,0.7765132350294562
872,000873.jpg,0.59375,0.5439205135294224
873,000872.jpg,0.59375,0.6437916611948777
874,000870.jpg,0.59375,0.6860719279761506
875,000871.jpg,0.59375,0.7490299850260588
876,000869.jpg,0.586206897,0.8713154335006958
877,000892.jpg,0.583333333,0.8564741717685429
878,000889.jpg,0.583333333,0.8028053774818213
879,000891.jpg,0.583333333,0.7280276940987437
880,000890.jpg,0.583333333,0.7324411042056241
881,000882.jpg,0.575757576,0.5355483210562485
882,000881.jpg,0.575757576,0.2977085151513549
883,000883.jpg,0.575757576,0.7641840826664938
884,000909.jpg,0.575,0.42946778413937836
885,000896.jpg,0.567567568,0.8394683634103628
886,000897.jpg,0.567567568,0.5283808165361616
887,000878.jpg,0.566666667,0.4891163487512178
888,000879.jpg,0.566666667,0.5860371372730961
889,000880.jpg,0.566666667,0.4850915371231449
890,000877.jpg,0.566666667,0.8142470326442866
891,000887.jpg,0.558823529,0.6313667993370413
892,000888.jpg,0.558823529,0.6399585721969032
893,000908.jpg,0.552631579,0.3996509437161512
894,000885.jpg,0.548387097,0.7165708233386604
895,000886.jpg,0.548387097,0.6430313721318546
896,000931.jpg,0.547619048,0.854335845499738
897,000921.jpg,0.538461538,0.6068231143149186
898,000920.jpg,0.538461538,0.6950840385696005
899,000894.jpg,0.53125,0.6621112510711723
900,000895.jpg,0.53125,0.4172855205831309
901,000893.jpg,0.53125,0.8102944762015885
902,000903.jpg,0.527777778,0.5553653337897014
903,000905.jpg,0.527777778,0.41065967960104943
904,000902.jpg,0.527777778,0.3280524128492762
905,000907.jpg,0.527777778,0.45706852739386034
906,000906.jpg,0.527777778,0.7123587611454059
907,000904.jpg,0.527777778,0.37408824957541525
908,000899.jpg,0.515151515,0.8989396330148032
909,000901.jpg,0.515151515,0.7307889364146779
910,000898.jpg,0.515151515,0.3877599812536766
911,000900.jpg,0.515151515,0.7308493430509322
912,000916.jpg,0.513513514,0.5786981911012041
913,000915.jpg,0.513513514,0.621966607365602
914,000917.jpg,0.513513514,0.48377680504281967
915,000918.jpg,0.513513514,0.6123571144351354
916,000919.jpg,0.513513514,0.7755009414507185
917,000937.jpg,0.512195122,0.50464038862172
918,000926.jpg,0.5,0.4145561917504714
919,000925.jpg,0.5,0.5209712559328572
920,000927.jpg,0.5,0.4687889448661933
921,000911.jpg,0.5,0.5803394222918519
922,000951.jpg,0.5,0.6528395805243639
923,000910.jpg,0.5,0.4860957584898518
924,000912.jpg,0.5,0.4576540833094924
925,000928.jpg,0.5,0.7793142297820318
926,000929.jpg,0.5,0.9758854714069424
927,000913.jpg,0.5,0.5999673603341668
928,000952.jpg,0.5,0.49096045808107813
929,000930.jpg,0.5,0.5230093084337969
930,000914.jpg,0.5,0.8376145388891347
931,000934.jpg,0.487179487,0.23296574345577656
932,000936.jpg,0.487179487,0.997615530150043
933,000935.jpg,0.487179487,0.6447398199688226
934,000924.jpg,0.485714286,0.7909236256320613
935,000922.jpg,0.485714286,0.6477342887901038
936,000923.jpg,0.485714286,0.6085328742134188
937,000946.jpg,0.475,0.806658428183089
938,000950.jpg,0.475,0.674641593573338
939,000948.jpg,0.475,0.6434180197682318
940,000949.jpg,0.475,0.7309315268933652
941,000947.jpg,0.475,0.9810721407996799
942,000932.jpg,0.472222222,0.686880797774211
943,000933.jpg,0.472222222,0.4412555326718965
944,000957.jpg,0.463414634,0.6733667606578386
945,000956.jpg,0.463414634,0.4715124817086351
946,000959.jpg,0.463414634,0.580949612704794
947,000958.jpg,0.463414634,0.8137868028495541
948,000945.jpg,0.459459459,0.36818450769453576
949,000944.jpg,0.459459459,0.6666958285108712
950,000939.jpg,0.459459459,0.5352181179042143
951,000943.jpg,0.459459459,0.5377796522575566
952,000941.jpg,0.459459459,0.5092038498908042
953,000942.jpg,0.459459459,0.8828606726868734
954,000938.jpg,0.459459459,0.8150193227317208
955,000940.jpg,0.459459459,0.7205274895906626
956,000968.jpg,0.452380952,0.7749358019628207
957,000966.jpg,0.452380952,0.48274765275526005
958,000967.jpg,0.452380952,0.72972571355957
959,000955.jpg,0.447368421,0.846306724714331
960,000954.jpg,0.447368421,0.5407092950730676
961,000953.jpg,0.447368421,0.9082440846333614
962,000989.jpg,0.446808511,0.6876174389377274
963,000975.jpg,0.441860465,0.6785255027089112
964,000972.jpg,0.441860465,0.6028024204971689
965,000973.jpg,0.441860465,0.6118622906074607
966,000974.jpg,0.441860465,0.6612660852763929
967,000960.jpg,0.435897436,0.3947677628500935
968,000963.jpg,0.435897436,0.6462790836424024
969,000961.jpg,0.435897436,1.077188643687043
970,000964.jpg,0.435897436,0.48061663537597693
971,000965.jpg,0.435897436,0.7423787325324007
972,000962.jpg,0.435897436,0.609974514002542
973,000982.jpg,0.431818182,0.687380683360552
974,000981.jpg,0.431818182,1.0184906606812185
975,000970.jpg,0.425,0.7962504384513611
976,000971.jpg,0.425,0.5227816778001949
977,000969.jpg,0.425,0.7484207280738894
978,000988.jpg,0.422222222,0.6702617236152882
979,000980.jpg,0.414634146,0.4666486693180755
980,000977.jpg,0.414634146,0.7400967072490134
981,000978.jpg,0.414634146,0.5638934707780746
982,000979.jpg,0.414634146,0.5985961733737086
983,000976.jpg,0.414634146,0.8192955239270864
984,000991.jpg,0.413043478,0.7536139259016826
985,000986.jpg,0.404761905,0.712532021133975
986,000984.jpg,0.404761905,0.7845426192601606
987,000987.jpg,0.404761905,0.7710000748526733
988,000983.jpg,0.404761905,0.8550696712423438
989,000985.jpg,0.404761905,0.4690787653103057
990,000990.jpg,0.395348837,0.6328562576675718
991,000998.jpg,0.387755102,0.6449389866007624
992,000992.jpg,0.386363636,0.6654283989499443
993,000994.jpg,0.377777778,0.43542178651012026
994,000993.jpg,0.377777778,0.5829904563372086
995,000997.jpg,0.369565217,0.6682630695282249
996,000995.jpg,0.369565217,0.6425193814193644
997,000996.jpg,0.369565217,0.6315859214816357
998,0001000.jpg,0.354166667,0.42003583570345526
999,000999.jpg,0.354166667,0.843693406615289
